index,input,parsed_brand,parsed_model,structured_brand,structured_model,category,identity_level,old_status,old_exact_official_found,old_exact_product_pages,old_exact_support_pages,old_exact_documents,old_pdf_documents,old_html_documents,provider_failures,runtime_seconds,possible_failure_causes,historical_manual_verdict,content_archive_available
1,Bosch WAN28254GB,Bosch,WAN28254GB,Bosch,WAN28254GB,major appliances,sku,PASS,True,3,1,2,2,0,2,53.587,authority_not_reconstructible_from_saved_record;identity_or_filtering;identity_unverified,not_reconstructible,False
2,Siemens SN23EI03ME,Siemens,SN23EI03ME,Siemens,SN23EI03ME,major appliances,sku,PARTIAL,False,0,0,0,0,0,41,70.72,official_source_not_found_within_search;possible_authority_or_ranking;provider_or_fetch_failure_recorded,not_reconstructible,False
3,Samsung RB38C7B6AS9,Samsung,RB38C7B6AS9,Samsung,RB38C7B6AS9,major appliances,sku,PASS,True,2,0,0,0,0,8,61.09,authority_not_reconstructible_from_saved_record;identity_or_filtering;provider_or_fetch_failure_recorded,not_reconstructible,False
4,Electrolux EOD6P77WX,Electrolux,EOD6P77WX,Electrolux,EOD6P77WX,major appliances,sku,PASS,True,2,0,0,0,0,8,56.381,authority_not_reconstructible_from_saved_record;official_page_not_inspected_or_fetch_blocked;provider_or_fetch_failure_recorded,not_reconstructible,False
5,AEG IKE64441FB,AEG,IKE64441FB,AEG,IKE64441FB,major appliances,sku,PASS,True,1,0,0,0,0,2,53.223,authority_not_reconstructible_from_saved_record;official_page_not_inspected_or_fetch_blocked,not_reconstructible,False
6,Miele TWD260WP,Miele,TWD260WP,Miele,TWD260WP,major appliances,sku,PASS,True,3,0,0,0,0,9,51.742,authority_not_reconstructible_from_saved_record;official_page_not_inspected_or_fetch_blocked;provider_or_fetch_failure_recorded,not_reconstructible,False
7,Haier HCR5919EHMB,Haier,HCR5919EHMB,Haier,HCR5919EHMB,major appliances,sku,PARTIAL,False,0,0,0,0,0,8,38.715,official_source_not_found_within_search;possible_authority_or_ranking;provider_or_fetch_failure_recorded,not_reconstructible,False
8,DeLonghi Eletta Explore ECAM450.86.T,DeLonghi,Eletta Explore ECAM450.86.T,DeLonghi,Eletta Explore ECAM450.86.T,small appliances,sku,PASS,True,1,0,0,1,0,0,13.063,authority_not_reconstructible_from_saved_record,not_reconstructible,False
9,Philips Airfryer Combi XXL HD9876/90,Philips,Airfryer Combi XXL HD9876/90,Philips,Airfryer Combi XXL HD9876/90,small appliances,sku,PARTIAL,False,0,0,0,0,0,30,66.996,official_source_not_found_within_search;possible_authority_or_ranking;provider_or_fetch_failure_recorded,not_reconstructible,False
10,Dyson V15 Detect,Dyson,V15 Detect,Dyson,V15 Detect,small appliances,model,PASS,True,1,0,0,1,0,9,49.667,authority_not_reconstructible_from_saved_record;provider_or_fetch_failure_recorded,not_reconstructible,False
11,Kärcher K5 Power Control,Kärcher,K5 Power Control,Kärcher,K5 Power Control,small appliances,model,PARTIAL,False,0,0,0,0,0,35,52.932,official_source_not_found_within_search;possible_authority_or_ranking;provider_or_fetch_failure_recorded,not_reconstructible,False
12,Roborock S8 MaxV Ultra,Roborock,S8 MaxV Ultra,Roborock,S8 MaxV Ultra,small appliances,model,PASS,True,8,0,0,0,0,0,22.637,identity_or_filtering,not_reconstructible,False
13,Tefal Ultimate Pure FV9845,Tefal,Ultimate Pure FV9845,Tefal,Ultimate Pure FV9845,small appliances,sku,PASS,True,3,0,0,3,0,0,17.308,authority_not_reconstructible_from_saved_record,not_reconstructible,False
14,Braun MultiQuick 9 MQ9187XLI,Braun,MultiQuick 9 MQ9187XLI,Braun,MultiQuick 9 MQ9187XLI,small appliances,sku,PARTIAL,False,0,0,0,0,0,10,67.848,official_source_not_found_within_search;possible_authority_or_ranking;provider_or_fetch_failure_recorded,not_reconstructible,False
15,Kenwood Titanium Chef Patissier XL KWL90,Kenwood,Titanium Chef Patissier XL KWL90,Kenwood,Titanium Chef Patissier XL KWL90,small appliances,model,PARTIAL,False,0,0,0,0,0,9,75.027,official_source_not_found_within_search;possible_authority_or_ranking;provider_or_fetch_failure_recorded,not_reconstructible,False
16,ASUS RT-BE88U,ASUS,RT-BE88U,ASUS,RT-BE88U,networking,sku,PASS,True,4,0,3,0,3,4,55.221,authority_not_reconstructible_from_saved_record;provider_or_fetch_failure_recorded,not_reconstructible,False
17,TP-Link Deco BE85,TP-Link,Deco BE85,TP-Link,Deco BE85,networking,model,PASS,True,2,0,0,0,0,4,17.027,provider_or_fetch_failure_recorded,not_reconstructible,False
18,Ubiquiti UniFi U7 Pro,Ubiquiti,UniFi U7 Pro,Ubiquiti,UniFi U7 Pro,networking,model,PARTIAL,False,0,0,0,0,0,30,70.145,official_source_not_found_within_search;possible_authority_or_ranking;provider_or_fetch_failure_recorded,not_reconstructible,False
19,NETGEAR GS308EP,NETGEAR,GS308EP,NETGEAR,GS308EP,networking,sku,PASS,True,17,0,1,1,0,0,15.026,authority_not_reconstructible_from_saved_record;identity_or_filtering;page_role,not_reconstructible,False
20,Synology DS923+,Synology,DS923+,Synology,DS923+,networking,sku,PARTIAL,False,0,1,5,2,3,9,48.157,authority_not_reconstructible_from_saved_record;identity_or_filtering,not_reconstructible,False
21,APC Back-UPS BX1600MI,APC,Back-UPS BX1600MI,APC,Back-UPS BX1600MI,computer/peripherals,sku,PARTIAL,False,0,0,0,0,0,17,67.353,official_source_not_found_within_search;possible_authority_or_ranking;provider_or_fetch_failure_recorded,not_reconstructible,False
22,Logitech MX Keys S,Logitech,MX Keys S,Logitech,MX Keys S,computer/peripherals,model,PASS,True,3,0,0,0,0,2,13.579,authority_not_reconstructible_from_saved_record;provider_or_fetch_failure_recorded,not_reconstructible,False
23,Razer DeathAdder V3,Razer,DeathAdder V3,Razer,DeathAdder V3,computer/peripherals,model,PASS,True,2,0,0,0,0,2,13.761,provider_or_fetch_failure_recorded,not_reconstructible,False
24,SteelSeries Arctis Nova Pro Wireless,SteelSeries,Arctis Nova Pro Wireless,SteelSeries,Arctis Nova Pro Wireless,computer/peripherals,model,PASS,True,2,0,0,0,2,1,24.835,authority_not_reconstructible_from_saved_record,not_reconstructible,False
25,Samsung Odyssey OLED G8 G80SD,Samsung,Odyssey OLED G8 G80SD,Samsung,Odyssey OLED G8 G80SD,TV/display,model,PASS,True,1,0,0,0,0,8,63.974,authority_not_reconstructible_from_saved_record;provider_or_fetch_failure_recorded,not_reconstructible,False
26,LG OLED evo C4,LG,OLED evo C4,LG,OLED evo C4,TV/display,family,PASS,True,2,0,0,0,0,27,56.776,authority_not_reconstructible_from_saved_record;provider_or_fetch_failure_recorded,not_reconstructible,False
27,Apple Mac mini M4,Apple,Mac mini M4,Apple,Mac mini M4,computer/peripherals,family,PARTIAL,False,0,0,0,0,0,6,39.432,official_source_not_found_within_search;possible_authority_or_ranking;provider_or_fetch_failure_recorded,not_reconstructible,False
28,Lenovo ThinkPad X1 Carbon Gen 13 Aura Edition,Lenovo,ThinkPad X1 Carbon Gen 13 Aura Edition,Lenovo,ThinkPad X1 Carbon Gen 13 Aura Edition,computer/peripherals,model,PASS,True,1,0,0,0,0,6,28.157,authority_not_reconstructible_from_saved_record;provider_or_fetch_failure_recorded,not_reconstructible,False
29,Epson EcoTank L6270,Epson,EcoTank L6270,Epson,EcoTank L6270,computer/peripherals,sku,PASS,True,2,0,0,0,0,18,30.619,authority_not_reconstructible_from_saved_record;provider_or_fetch_failure_recorded,not_reconstructible,False
30,Canon CanoScan LiDE 400,Canon,CanoScan LiDE 400,Canon,CanoScan LiDE 400,computer/peripherals,model,PASS,True,1,1,0,0,0,2,25.096,authority_not_reconstructible_from_saved_record;identity_or_filtering;official_page_not_inspected_or_fetch_blocked,not_reconstructible,False
31,WD My Passport 5TB,WD,My Passport 5TB,WD,My Passport 5TB,PC components,family,PARTIAL,False,0,0,0,0,0,35,39.45,official_source_not_found_within_search;possible_authority_or_ranking;provider_or_fetch_failure_recorded,not_reconstructible,False
32,Crucial T705,Crucial,T705,Crucial,T705,PC components,family,PASS,True,3,0,0,3,0,0,6.264,authority_not_reconstructible_from_saved_record,not_reconstructible,False
33,Corsair RM850x,Corsair,RM850x,Corsair,RM850x,PC components,family,PASS,True,4,0,0,4,0,2,20.64,authority_not_reconstructible_from_saved_record;provider_or_fetch_failure_recorded,not_reconstructible,False
34,ASUS TUF Gaming GeForce RTX 5070 Ti,ASUS,TUF Gaming GeForce RTX 5070 Ti,ASUS,TUF Gaming GeForce RTX 5070 Ti,PC components,family,PARTIAL,False,0,0,0,0,0,23,76.394,authority_not_reconstructible_from_saved_record;provider_or_fetch_failure_recorded,not_reconstructible,False
35,MSI MAG X870 TOMAHAWK WIFI,MSI,MAG X870 TOMAHAWK WIFI,MSI,MAG X870 TOMAHAWK WIFI,PC components,model,PASS,True,1,0,0,0,0,8,28.991,authority_not_reconstructible_from_saved_record;official_page_not_inspected_or_fetch_blocked;provider_or_fetch_failure_recorded,not_reconstructible,False
36,DEWALT DCD805P2T,DEWALT,DCD805P2T,DEWALT,DCD805P2T,power tools,sku,PASS,True,1,0,0,0,0,12,35.241,authority_not_reconstructible_from_saved_record;identity_or_filtering;provider_or_fetch_failure_recorded,not_reconstructible,False
37,Makita GA023GZ,Makita,GA023GZ,Makita,GA023GZ,power tools,sku,PASS,True,1,0,0,0,0,11,52.302,authority_not_reconstructible_from_saved_record;provider_or_fetch_failure_recorded,not_reconstructible,False
38,Milwaukee M18 FHX-502X,Milwaukee,M18 FHX-502X,Milwaukee,M18 FHX-502X,power tools,sku,PARTIAL,False,0,0,0,0,0,36,77.283,authority_not_reconstructible_from_saved_record;provider_or_fetch_failure_recorded,not_reconstructible,False
39,Bosch Professional GCM 8 SJL,Bosch,Professional GCM 8 SJL,Bosch,Professional GCM 8 SJL,power tools,model,PARTIAL,False,0,0,0,0,0,30,76.514,official_source_not_found_within_search;possible_authority_or_ranking;provider_or_fetch_failure_recorded,not_reconstructible,False
40,Einhell TC-PL 750,Einhell,TC-PL 750,Einhell,TC-PL 750,power tools,model,PASS,True,1,0,0,0,0,16,49.783,authority_not_reconstructible_from_saved_record;provider_or_fetch_failure_recorded,not_reconstructible,False
41,STIHL MS 182,STIHL,MS 182,STIHL,MS 182,garden/outdoor tools,model,PASS,True,1,0,0,0,0,12,44.344,authority_not_reconstructible_from_saved_record;provider_or_fetch_failure_recorded,not_reconstructible,False
42,Husqvarna 525LK,Husqvarna,525LK,Husqvarna,525LK,garden/outdoor tools,sku,PARTIAL,False,0,0,1,0,1,0,8.461,authority_not_reconstructible_from_saved_record,not_reconstructible,False
43,Frostbite Drench 39ML,Frostbite,Drench 39ML,Frostbite,Drench 39ML,fishing,model,PARTIAL,False,0,0,0,0,0,64,48.643,official_source_not_found_within_search;possible_authority_or_ranking;provider_or_fetch_failure_recorded,not_reconstructible,False
44,Nautilus X Series XL MAX,Nautilus,X Series XL MAX,Nautilus,X Series XL MAX,fishing,model,PARTIAL,False,0,0,0,0,0,9,39.43,official_source_not_found_within_search;possible_authority_or_ranking;provider_or_fetch_failure_recorded,not_reconstructible,False
45,Namazu Bionic 90 N41-90-52,Namazu,Bionic 90 N41-90-52,Namazu,Bionic 90 N41-90-52,fishing,sku,PARTIAL,False,0,0,0,0,0,76,54.635,official_source_not_found_within_search;possible_authority_or_ranking;provider_or_fetch_failure_recorded,not_reconstructible,False
46,adidas Ultraboost 5 JH9073,adidas,Ultraboost 5 JH9073,adidas,Ultraboost 5 JH9073,apparel/footwear,sku,PASS,True,1,0,0,0,0,15,42.861,authority_not_reconstructible_from_saved_record;official_page_not_inspected_or_fetch_blocked;provider_or_fetch_failure_recorded,not_reconstructible,False
47,Nike AeroSwift FN4231-010,Nike,AeroSwift FN4231-010,Nike,AeroSwift FN4231-010,apparel/footwear,sku,PASS,True,1,0,0,0,0,9,74.136,authority_not_reconstructible_from_saved_record;provider_or_fetch_failure_recorded,not_reconstructible,False
48,The North Face Nuptse,The North,Face Nuptse,The North Face,Nuptse,apparel/footwear,family,PARTIAL,False,0,0,0,0,0,50,69.516,authority_not_reconstructible_from_saved_record;input_boundary_or_encoding;official_page_not_inspected_or_fetch_blocked;provider_or_fetch_failure_recorded,not_reconstructible,False
49,Oral-B iO Series 10,Oral-B,iO Series 10,Oral-B,iO Series 10,personal care/skincare,model,PASS,True,3,1,0,0,0,8,42.874,authority_not_reconstructible_from_saved_record;identity_or_filtering;provider_or_fetch_failure_recorded,not_reconstructible,False
50,CeraVe Hydrating Facial Cleanser,CeraVe,Hydrating Facial Cleanser,CeraVe,Hydrating Facial Cleanser,personal care/skincare,family,PASS,True,2,0,0,0,0,6,26.76,identity_or_filtering;provider_or_fetch_failure_recorded,not_reconstructible,False
