index,input,identity_level,group,url,title,claimed_match,claimed_authority,content_identity_verified,identity_evidence,operator_relation,authority_scope,authority_evidence_url,authority_evidence_excerpt,fetch_status,fetch_main_product_relation,fetch_scoped_seed_first_party,fetch_js_shell,manual_first_party_verdict,manual_identity_verdict,manual_review_note
1,Bosch WAN28254GB,sku,official_pages,https://www.bosch-home.co.uk/en/product/laundry/washing-machines/front-load-washing-machine/WAN28254GB,"WAN28254GB Washing machine, front loader | BOSCH GB",exact,manufacturer,True,Main product names the requested model,licensed_brand_operator,UK home appliances,https://media3.bsh-group.com/Documents/9001351957_A.pdf,BSH appliance documentation identifies BSH Home Appliances Ltd and bosch-home.co.uk,loaded,exact,True,False,confirmed,confirmed,Primary washing-machine page names WAN28254GB; site footer identifies BSH Home Appliances Ltd.
2,Siemens SN23EI03ME,sku,official_pages,https://www.siemens-home.bsh-group.com/uk/en/mkt-product/SN23EI03ME,SN23EI03ME Free-standing dishwasher | SIEMENS GB,exact,manufacturer,True,Main product names the requested model,licensed_brand_operator,home appliances,https://press.siemens-home.bsh-group.com/,BSH press portal for Siemens home appliances,loaded,exact,True,False,confirmed,confirmed,"Primary dishwasher page names SN23EI03ME, although discontinued; BSH states it is the Siemens home-appliance trademark licensee and links this host."
7,Haier HCR5919EHMB,sku,official_pages,https://www.haier-europe.com/en_GB/products/34005047-hcr5919ehmb-uk,Cube 90 Series 5 - HCR5919EHMB - 34005047 - Haier UK,exact,manufacturer,True,Main product names the requested model,brand_operator,European appliances,https://corporate.haier-europe.com/our-brands/haier/,Haier Europe corporate brand and customer-care pages name this Haier site,loaded,exact,True,False,confirmed,confirmed,"Main product and commercial-code table name HCR5919EHMB; Haier Europe lists the brand, and the commerce footer names its UK operator."
22,Logitech MX Keys S,model,official_pages,https://www.logitech.com/en-us/shop/p/mx-keys-s,/en us/shop/p/mx keys s,exact,manufacturer,True,Main product names the requested model,brand_operator,computer peripherals,https://www.logitech.com/en-us/legal/services-privacy-statement,Logitech privacy statement identifies Logitech International and its web sites,loaded,exact,True,False,confirmed,confirmed,Primary keyboard heading names MX Keys S; Logitech International identifies itself as operator of its linked web sites. Combo variants were rejected.
23,Razer DeathAdder V3,model,official_pages,https://www.razer.com/gaming-mice/razer-deathadder-v3,Razer DeathAdder V3,exact,manufacturer,True,Main product names the requested model,brand_operator,gaming peripherals,https://www.razer.com/gaming-mice/razer-deathadder-v3,Razer product site for DeathAdder V3,loaded,exact,True,False,confirmed,confirmed,Main product is the wired DeathAdder V3; Razer Inc. states that it manages razer.com. HyperSpeed is a separate product and the live identity check rejected it.
33,Corsair RM850x,family,official_pages,https://www.corsair.com/ww/en/p/psu/cp-9020270-na/rmx-series-rm850x-fully-modular-power-supply-cp-9020270-na,RMx Series RM850x Fully Modular Power Supply,exact,manufacturer,True,Main product names the requested model,brand_operator,PC components,https://www.corsair.com/,Corsair product site for PC components,loaded,exact,True,False,confirmed,confirmed,"Primary heading names RMx Series RM850x, SKU CP-9020270-NA; Corsair terms identify Corsair Memory Inc. as operator of corsair.com. SHIFT is a distinct series and was not accepted."
47,Nike AeroSwift FN4231-010,sku,official_pages,https://www.nike.com/gb/t/aeroswift-mens-dri-fit-adv-running-vest-vSX0Gdly/FN4231-010,Nike AeroSwift Men's Dri-FIT ADV Running Vest,exact,manufacturer,True,Main product names the requested model,brand_operator,Nike apparel and footwear,https://www.nike.com/be/help/a/bedrijfsgegevens/nike-contact-lijst,Nike company details identify Nike Retail B.V. as nike.com operator,loaded,exact,True,False,confirmed,confirmed,Primary Nike UK product lists Style FN4231-010 in its main product details; Nike UK's current promotion terms name NIKE Retail B.V. for Nike.com UK purchases.
49,Oral-B iO Series 10,model,official_pages,https://oralb.com/en-us/products/electric-toothbrushes/io-series-10-rechargeable-electric-toothbrush-cosmic-black/,"iO Series 10 Electric Toothbrush, Cosmic Black | Oral-B",exact,manufacturer,True,Main product names the requested model,brand_operator,oral care,https://oralb.com/en-us/products/,Oral-B product site for oral care,loaded,exact,True,False,confirmed,confirmed,"Primary card is one iO Series 10 toothbrush (Cosmic Black), not a twin pack; P&G's brand directory lists Oral-B and links directly to oralb.com."
50,CeraVe Hydrating Facial Cleanser,family,official_pages,https://www.cerave.com/skincare/cleansers/hydrating-facial-cleanser,Hydrating Facial Cleanser $15.99,exact,manufacturer,True,Main product names the requested model,brand_operator,skin care,https://www.cerave.com/skincare/cleansers/hydrating-facial-cleanser,CeraVe product site for skin care,loaded,exact,True,False,confirmed,confirmed,"Primary page is Hydrating Facial Cleanser, not a refill product; L'Oreal's CeraVe brand page links to cerave.com as the brand site."
