index,input,url,final_url,fetch_status,attempt_status,http_status,duration_seconds,main_product_relation,main_product_evidence,observed_category,category_evidence,host_seed_operator,scoped_seed_first_party,js_shell
1,Bosch WAN28254GB,https://bosch-home.co.uk/en/product/laundry/washing-machines/front-load-washing-machine/WAN28254GB,https://www.bosch-home.co.uk/en/product/laundry/washing-machines/front-load-washing-machine/WAN28254GB,loaded,loaded,200,2.312,exact,Main product names the requested model,major appliances,Fetched primary product identifies major appliances,licensed_brand_operator,True,False
1,Bosch WAN28254GB,https://bosch-home.com/mt/en/mkt-product/washers-dryers/washing-machines/frontloader/WAN28254GB,,budget_exhausted,,,0.0,,,,,,,
1,Bosch WAN28254GB,https://bosch-home.ie/en/mkt-product/washers-and-dryers/washing-machines/front-loading-washing-machines/WAN28254GB,,budget_exhausted,,,0.0,,,,,,,
1,Bosch WAN28254GB,https://bosch-home.com/us/en/productservice/WAN28254GB-16,,budget_exhausted,,,0.0,,,,,,,
2,Siemens SN23EI03ME,https://siemens-home.bsh-group.com/uk/en/mkt-product/SN23EI03ME,https://www.siemens-home.bsh-group.com/uk/en/mkt-product/SN23EI03ME,loaded,loaded,200,2.605,exact,Main product names the requested model,major appliances,Fetched primary product identifies major appliances,licensed_brand_operator,True,False
3,Samsung RB38C7B6AS9,https://samsung.com/es/refrigerators/bottom-mount-freezer/bespoke-bmfreezer-with-smartthings-ai-energy-mode-387l-silver-rb38c7b6as9-ef,https://www.samsung.com/es/refrigerators/bottom-mount-freezer/bespoke-bmfreezer-with-smartthings-ai-energy-mode-387l-silver-rb38c7b6as9-ef/,loaded,loaded,200,2.826,unknown,Product SKU relation: regional_suffix,unknown,Primary product identity is not exact,brand_operator,False,False
3,Samsung RB38C7B6AS9,https://samsung.com/fr/refrigerators/bottom-mount-freezer/bespoke-bmfreezer-with-smartthings-ai-energy-mode-387l-silver-rb38c7b6as9-ef,https://www.samsung.com/fr/refrigerators/bottom-mount-freezer/bespoke-bmfreezer-with-smartthings-ai-energy-mode-387l-silver-rb38c7b6as9-ef/,loaded,loaded,200,2.438,unknown,Product SKU relation: absent,unknown,Primary product identity is not exact,brand_operator,False,False
3,Samsung RB38C7B6AS9,https://samsung.com/uk/support/model/RB38C7B6AS9/EF,,budget_exhausted,,,0.0,,,,,,,
4,Electrolux EOD6P77WX,https://electrolux.bg/kitchen/cooking/ovens/oven/eod6p77wx,,unavailable,timeout,,12.891,,,,,,,
4,Electrolux EOD6P77WX,https://electrolux.pl/kitchen/cooking/ovens/oven/eod6p77wx,,budget_exhausted,,,0.0,,,,,,,
4,Electrolux EOD6P77WX,https://shop.electrolux.co.uk/model/m/EOD6P77WX,,budget_exhausted,,,0.0,,,,,,,
5,AEG IKE64441FB,https://aeg.fr/kitchen/cooking/hobs/induction-hob/ike64441fb,,unavailable,timeout,,12.812,,,,,,,
6,Miele TWD260WP,https://miele.co.uk/product/11871790/t1-heat-pump-dryer-twd260wp-8kg-lotus-white,,unavailable,http_blocked,403,0.884,,,,,,,
6,Miele TWD260WP,https://miele.co.uk/product/11871790/t1-heat-pump-dryer-twd260wp-8kg-lotus-white,,unavailable,http_blocked,403,0.889,,,,,,,
6,Miele TWD260WP,https://miele.ae/product/12179550/t1-heat-pump-dryer-twd260wp-8kg,,budget_exhausted,,,0.0,,,,,,,
7,Haier HCR5919EHMB,https://haier-europe.com/en_GB/products/34005047-hcr5919ehmb-uk,https://www.haier-europe.com/en_GB/products/34005047-hcr5919ehmb-uk,loaded,loaded,200,3.293,exact,Main product names the requested model,major appliances,Fetched primary product identifies major appliances,brand_operator,True,False
7,Haier HCR5919EHMB,https://haier-europe.com/fr_FR/products/34005044-hcr5919ehmb,https://www.haier-europe.com/fr_FR/products/34005044-hcr5919ehmb,loaded,loaded,200,2.137,exact,Main product names the requested model,unknown,Primary product category is absent or ambiguous,brand_operator,False,False
8,DeLonghi Eletta Explore ECAM450.86.T,https://delonghi.com/cs-cz/p/eletta-explore-automaticky-kavovar-eletta-explore-ecam450.86.t-ex4/ECAM450.86.T+EX%3A4.html?pid=0132250153,,budget_exhausted,,,0.0,,,,,,,
8,DeLonghi Eletta Explore ECAM450.86.T,https://delonghi.com/en-hk/p/eletta-explore-eletta-explore-automatic-coffee-maker-ecam450.86.t/ECAM450.86.T.html?pid=0132217130,,budget_exhausted,,,0.0,,,,,,,
8,DeLonghi Eletta Explore ECAM450.86.T,https://delonghi.com/en/p/eletta-explore-eletta-explore-automatic-coffee-maker-ecam450.86.t/ECAM450.86.T.html?pid=0132217129,,budget_exhausted,,,0.0,,,,,,,
8,DeLonghi Eletta Explore ECAM450.86.T,https://delonghi.com/fr-fr/p/eletta-explore-expresso-broyeur-automatique-eletta-explore-ecam450.86.t-ex4/ECAM450.86.T+EX%3A4.html?pid=0132250116,,budget_exhausted,,,0.0,,,,,,,
9,Philips Airfryer Combi XXL HD9876/90,https://home-appliances.philips/de/de/p/HD9876_90,https://www.home-appliances.philips/de/de/p/HD9876_90,loaded,loaded,200,1.065,unknown,No primary product heading or unique Product object,unknown,Primary product identity is not exact,licensed_brand_operator,False,False
10,Dyson V15 Detect,https://dyson.co.uk/discover/archive/2021/behind-the-laser-v15-detect,,budget_exhausted,,,0.0,,,,,,,
10,Dyson V15 Detect,https://dyson.co.uk/discover/archive/2021/inside-the-tech-v15-detect,,budget_exhausted,,,0.0,,,,,,,
10,Dyson V15 Detect,https://dyson.com/vacuum-cleaners/cordless/v15/detect-yellow,,budget_exhausted,,,0.0,,,,,,,
10,Dyson V15 Detect,https://dyson.co.uk/vacuum-cleaners/cordless/v15/detect-yellow-nickel,,budget_exhausted,,,0.0,,,,,,,
12,Roborock S8 MaxV Ultra,https://us.roborock.com/products/roborock-s8-maxv-ultra?_pos=17%5Cu0026_sid%3Db242aa957%5Cu0026_ss%3Dr,https://us.roborock.com/products/roborock-s8-maxv-ultra?_pos=17%5Cu0026_sid%3Db242aa957%5Cu0026_ss%3Dr,loaded,loaded,200,0.37,exact,Main product names the requested model,unknown,Primary product category is absent or ambiguous,brand_operator,False,False
12,Roborock S8 MaxV Ultra,https://us.roborock.com/products/roborock-main-brush-pack-for-s8-maxv-ultra-s8-max-ultra?_pos=19%5Cu0026_sid%3Db242aa957%5Cu0026_ss%3Dr,https://us.roborock.com/products/roborock-main-brush-pack-for-s8-maxv-ultra-s8-max-ultra?_pos=19%5Cu0026_sid%3Db242aa957%5Cu0026_ss%3Dr,loaded,loaded,200,0.699,related_item,Main object is for/compatible with requested model,unknown,Primary product identity is not exact,brand_operator,False,False
12,Roborock S8 MaxV Ultra,https://us.roborock.com/pages/roborock-s8-maxv-ultra,,budget_exhausted,,,0.0,,,,,,,
12,Roborock S8 MaxV Ultra,https://us.roborock.com/products/roborock-cleaning-brush-2pcs-for-s8-pro-ultra-s7-maxv-ultra?_pos=21%5Cu0026_sid%3Db242aa957%5Cu0026_ss%3Dr,,budget_exhausted,,,0.0,,,,,,,
12,Roborock S8 MaxV Ultra,https://us.roborock.com/products/roborock-s8-maxv-ultra-with-refill-drainage-system?_pos=18%5Cu0026_sid%3Db242aa957%5Cu0026_ss%3Dr,,budget_exhausted,,,0.0,,,,,,,
13,Tefal Ultimate Pure FV9845,https://tefal.co.uk/Linen-Care/Steam-Irons/Professional-Results/Ultimate-Pure-FV9845-Steam-Iron-Black-&-Rose-Gold/p/1830007280,,budget_exhausted,,,0.0,,,,,,,
13,Tefal Ultimate Pure FV9845,https://tefal.com/Linen-Care/Steam-Irons/ULTIMATE-PURE-FV9845/p/1830006927,,budget_exhausted,,,0.0,,,,,,,
13,Tefal Ultimate Pure FV9845,https://tefal.co.uk/instructions-for-use/csp/1830007280,,budget_exhausted,,,0.0,,,,,,,
13,Tefal Ultimate Pure FV9845,https://tefal.com/instructions-for-use/csp/1830006927,,budget_exhausted,,,0.0,,,,,,,
15,Kenwood Titanium Chef Patissier XL KWL90,https://kenwoodworld.com/cs-cz/p/titanium-chef-patissier-xl-titanium-chef-patissier-xl-kwl90.004si/KWL90.004SI.html?pid=0W20011359,https://www.kenwoodworld.com/cs-cz/p/titanium-chef-patissier-xl-titanium-chef-patissier-xl-kwl90.004si/KWL90.004SI.html?pid=0W20011359,loaded,loaded,200,1.857,different_variant,Product SKU relation: different_variant,unknown,Primary product identity is not exact,brand_operator,False,False
15,Kenwood Titanium Chef Patissier XL KWL90,https://kenwoodworld.com/sk-sk/p/titanium-chef-patissier-xl-titanium-chef-patissier-xl-kwl90.124si/KWL90.124SI.html?pid=0W20011363,,budget_exhausted,,,0.0,,,,,,,
16,ASUS RT-BE88U,https://asus.com/cz/networking-iot-servers/wifi-routers/asus-gaming-routers/rt-be88u,https://www.asus.com/cz/networking-iot-servers/wifi-routers/asus-gaming-routers/rt-be88u/,loaded,loaded,200,2.208,exact,Main product names the requested model,unknown,Primary product category is absent or ambiguous,brand_operator,False,False
17,TP-Link Deco BE85,https://tp-link.com/en/home-networking/deco/deco-be85,https://www.tp-link.com/en/home-networking/deco/deco-be85/,loaded,loaded,200,1.046,unknown,Product SKU relation: absent,unknown,Primary product identity is not exact,brand_operator,False,False
17,TP-Link Deco BE85,https://tp-link.com/en/blog/1377,https://www.tp-link.com/en/blog/1377/,loaded,loaded,200,1.258,unknown,Product SKU relation: absent,unknown,Primary product identity is not exact,brand_operator,False,False
17,TP-Link Deco BE85,https://tp-link.com/cz/support/download/deco-be85,,budget_exhausted,,,0.0,,,,,,,
17,TP-Link Deco BE85,https://tp-link.com/en/support/download/deco-be85,,budget_exhausted,,,0.0,,,,,,,
17,TP-Link Deco BE85,https://tp-link.com/kr/support/download/deco-be85,,budget_exhausted,,,0.0,,,,,,,
17,TP-Link Deco BE85,https://tp-link.com/cz/home-networking/deco/deco-be85,,budget_exhausted,,,0.0,,,,,,,
19,NETGEAR GS308EP,https://netgear.com/business/wired/switches/easy-smart/gs308ep,https://www.netgear.com/business/wired/switches/easy-smart/gs308ep,loaded,loaded,200,1.238,unknown,Main product names an extra variant absent from the URL,unknown,Primary product identity is not exact,brand_operator,False,False
19,NETGEAR GS308EP,https://netgear.com/business/wired/switches/easy-smart/gs305ep,https://www.netgear.com/business/wired/switches/easy-smart/gs305ep,loaded,loaded,200,1.298,unknown,Product SKU relation: absent,unknown,Primary product identity is not exact,brand_operator,False,False
19,NETGEAR GS308EP,https://kb.netgear.com/000062841/GS308EP-Firmware-Version-1-0-0-6,https://kb.netgear.com/000062841/GS308EP-Firmware-Version-1-0-0-6,loaded,loaded,200,1.917,exact,Main product names the requested model,unknown,Primary product category is absent or ambiguous,unknown,False,False
19,NETGEAR GS308EP,https://kb.netgear.com/000062554/GS308EP-Firmware-Version-1-0-0-4,https://kb.netgear.com/000062554/GS308EP-Firmware-Version-1-0-0-4,loaded,loaded,200,1.848,exact,Main product names the requested model,unknown,Primary product category is absent or ambiguous,unknown,False,False
20,Synology DS923+,https://synology.co.ke/product/synology-diskstation-ds923,,budget_exhausted,,,0.0,,,,,,,
20,Synology DS923+,https://synology.co.ke/product/synology-diskstation-ds923-2,,budget_exhausted,,,0.0,,,,,,,
20,Synology DS923+,https://synology.co.ke/product/synology-diskstation-ds923-3,,budget_exhausted,,,0.0,,,,,,,
20,Synology DS923+,https://synology.com/de-de/support/download/DS923+,,budget_exhausted,,,0.0,,,,,,,
22,Logitech MX Keys S,https://logitech.com/en-us/shop/p/mx-keys-s,https://www.logitech.com/en-us/shop/p/mx-keys-s,loaded,loaded,200,1.012,exact,Main product names the requested model,computer/peripherals,Fetched primary product identifies computer/peripherals,brand_operator,True,False
22,Logitech MX Keys S,https://logitech.com/en-us/shop/p/mx-keys-s-combo,https://www.logitech.com/en-us/shop/p/mx-keys-s-combo,loaded,loaded,200,1.054,different_variant,Main object names a different package or refill,unknown,Primary product identity is not exact,brand_operator,False,False
22,Logitech MX Keys S,https://logitech.com/en-us/shop/p/mx-keys-s-combo-for-mac,https://www.logitech.com/en-us/shop/p/mx-keys-s-combo-for-mac,loaded,loaded,200,1.244,different_variant,Main object names a different package or refill,unknown,Primary product identity is not exact,brand_operator,False,False
23,Razer DeathAdder V3,https://razer.com/gaming-mice/razer-deathadder-v3-hyperspeed,https://www.razer.com/gaming-mice/razer-deathadder-v3-hyperspeed,loaded,loaded,200,1.203,different_variant,Main product and URL name an extra commercial variant,unknown,Primary product identity is not exact,brand_operator,False,False
23,Razer DeathAdder V3,https://razer.com/gaming-mice/razer-deathadder-v3,https://www.razer.com/gaming-mice/razer-deathadder-v3,loaded,loaded,200,1.211,exact,Main product names the requested model,computer/peripherals,Fetched primary product identifies computer/peripherals,brand_operator,True,False
24,SteelSeries Arctis Nova Pro Wireless,https://support.steelseries.com/hc/en-us/sections/6438322173581-Arctis-NOVA-Pro-Wireless,https://support.steelseries.com/hc/en-us/sections/6438322173581-Arctis-NOVA-Pro-Wireless,loaded,loaded,200,0.604,exact,Main product names the requested model,unknown,Primary product category is absent or ambiguous,unknown,False,False
24,SteelSeries Arctis Nova Pro Wireless,https://support.steelseries.com/hc/en-us/articles/45428646758029-What-s-the-difference-between-Arctis-Nova-Pro-Wireless-and-Nova-Pro-Omni,https://support.steelseries.com/hc/en-us/articles/45428646758029-What-s-the-difference-between-Arctis-Nova-Pro-Wireless-and-Nova-Pro-Omni,loaded,loaded,200,0.702,exact,Main product names the requested model,unknown,Primary product category is absent or ambiguous,unknown,False,False
24,SteelSeries Arctis Nova Pro Wireless,https://support.steelseries.com/hc/en-us/articles/6612534244493-How-to-pair-your-Arctis-Nova-Pro-Wireless-to-the-Base-Station,https://support.steelseries.com/hc/en-us/articles/6612534244493-How-to-pair-your-Arctis-Nova-Pro-Wireless-to-the-Base-Station/,loaded,http_blocked,403,0.358,exact,Main product names the requested model,unknown,Primary product category is absent or ambiguous,unknown,False,False
24,SteelSeries Arctis Nova Pro Wireless,https://support.steelseries.com/hc/en-us/articles/6612534244493-How-to-pair-your-Arctis-Nova-Pro-Wireless-to-the-Base-Station,https://support.steelseries.com/hc/en-us/articles/6612534244493-How-to-pair-your-Arctis-Nova-Pro-Wireless-to-the-Base-Station/,loaded,loaded,200,0.723,exact,Main product names the requested model,unknown,Primary product category is absent or ambiguous,unknown,False,False
24,SteelSeries Arctis Nova Pro Wireless,https://support.steelseries.com/hc/en-us/articles/6611490144269-Arctis-Nova-Pro-Wireless-Unboxing-and-Setup,https://support.steelseries.com/hc/en-us/articles/6611490144269-Arctis-Nova-Pro-Wireless-Unboxing-and-Setup,loaded,loaded,200,1.097,exact,Main product names the requested model,unknown,Primary product category is absent or ambiguous,unknown,False,False
25,Samsung Odyssey OLED G8 G80SD,https://samsung.com/us/monitors/gaming/32-inch-odyssey-oled-g8-4k-uhd-240hz-g-sync-sku-ls32dg800snxza,https://www.samsung.com/us/monitors/gaming/32-inch-odyssey-oled-g8-4k-uhd-240hz-g-sync-sku-ls32dg800snxza/,loaded,loaded,200,4.368,unknown,Main product names an extra variant absent from the URL,unknown,Primary product identity is not exact,brand_operator,False,True
25,Samsung Odyssey OLED G8 G80SD,https://samsung.com/us/monitors/gaming/odyssey-oled-g8-g80sd-32-inch-240hz-oled-uhd-ls32dg800snxza,https://www.samsung.com/us/monitors/gaming/odyssey-oled-g8-g80sd-32-inch-240hz-oled-uhd-ls32dg800snxza/,loaded,loaded,200,2.49,unknown,Product SKU relation: absent,unknown,Primary product identity is not exact,brand_operator,False,False
26,LG OLED evo C4,https://lg.com/au/tv-soundbars/oled-evo-tv/oled48c4psa,https://www.lg.com/au/tv-soundbars/oled-evo-tv/oled48c4psa/,loaded,loaded,200,2.775,unknown,Main product names an extra variant absent from the URL,unknown,Primary product identity is not exact,unknown,False,False
26,LG OLED evo C4,https://lg.com/au/tv-soundbars/oled-evo-tv/oled55c4psa,https://www.lg.com/au/tv-soundbars/oled-evo-tv/oled55c4psa/,loaded,loaded,200,3.256,unknown,Main product names an extra variant absent from the URL,unknown,Primary product identity is not exact,unknown,False,False
26,LG OLED evo C4,https://lg.com/africa/tvs/lg-oled55c46la-55-inch-oled-evo-4k-c4-smart-tv,https://www.lg.com/africa/tvs/lg-oled55c46la-55-inch-oled-evo-4k-c4-smart-tv,loaded,loaded,200,7.978,unknown,Main product names an extra variant absent from the URL,unknown,Primary product identity is not exact,unknown,False,False
26,LG OLED evo C4,https://lg.com/ae/tvs-soundbars/lg-oled83c46la,https://www.lg.com/ae/tvs-soundbars/lg-oled83c46la,loaded,loaded,200,9.458,unknown,Main product names an extra variant absent from the URL,unknown,Primary product identity is not exact,unknown,False,False
27,Apple Mac mini M4,https://apple.com/kr/shop/product/fcx44kh/a/%EB%A6%AC%ED%8D%BC%EB%B9%84%EC%89%AC-Mac-mini-Apple-M4-Pro-%EC%B9%A9-%EB%AA%A8%EB%8D%B812%EC%BD%94%EC%96%B4-CPU-%EB%B0%8F-16%EC%BD%94%EC%96%B4-GPU-%EA%B8%B0%EA%B0%80%EB%B9%84%ED%8A%B8-%EC%9D%B4%EB%8D%94%EB%84%B7,,budget_exhausted,,,0.0,,,,,,,
27,Apple Mac mini M4,https://apple.com/kr/shop/product/fu9d3kh/a/%EB%A6%AC%ED%8D%BC%EB%B9%84%EC%89%AC-Mac-mini-Apple-M4-%EC%B9%A9-%EB%AA%A8%EB%8D%B810%EC%BD%94%EC%96%B4-CPU-%EB%B0%8F-10%EC%BD%94%EC%96%B4-GPU-%EA%B8%B0%EA%B0%80%EB%B9%84%ED%8A%B8-%EC%9D%B4%EB%8D%94%EB%84%B7,,budget_exhausted,,,0.0,,,,,,,
27,Apple Mac mini M4,https://discussionskorea.apple.com/thread/256046610,,budget_exhausted,,,0.0,,,,,,,
27,Apple Mac mini M4,https://discussionskorea.apple.com/thread/256322848,,budget_exhausted,,,0.0,,,,,,,
28,Lenovo ThinkPad X1 Carbon Gen 13 Aura Edition,https://lenovo.com/au/en/p/laptops/thinkpad/thinkpadx1/thinkpad-x1-carbon-gen-13-aura-edition-14-inch-intel/21nscto1wwau11,,budget_exhausted,,,0.0,,,,,,,
28,Lenovo ThinkPad X1 Carbon Gen 13 Aura Edition,https://lenovo.com/au/en/p/laptops/thinkpad/thinkpadx1/thinkpad-x1-carbon-gen-13-aura-edition-14-inch-intel/21nxcto1wwau4,,budget_exhausted,,,0.0,,,,,,,
28,Lenovo ThinkPad X1 Carbon Gen 13 Aura Edition,https://lenovo.com/bd/en/p/laptops/thinkpad/thinkpadx1/thinkpad-x1-carbon-gen-13-aura-edition-14-inch-intel/len101t0108,,budget_exhausted,,,0.0,,,,,,,
28,Lenovo ThinkPad X1 Carbon Gen 13 Aura Edition,https://lenovo.com/ca/en/p/laptops/thinkpad/thinkpadx1/thinkpad-x1-carbon-gen-13-aura-edition-14-inch-intel/21nxcto1wwca1,,budget_exhausted,,,0.0,,,,,,,
29,Epson EcoTank L6270,https://epson.cz/cs_CZ/produkty/tisk%C3%A1rny/inkjet/pro-dom%C3%A1cnost/multifunk%C4%8Dn%C3%AD-tisk%C3%A1rna-form%C3%A1tu-a4-s-inkoustovou-n%C3%A1dr%C5%BEkou-ecotank-l6270-%E2%80%93-p%C5%99ipojen%C3%AD-k-wi-fi-%E2%80%93-inkoust-a%C5%BE-na-3-roky/p/30259,,budget_exhausted,,,0.0,,,,,,,
29,Epson EcoTank L6270,https://epson.co.kr/%EA%B3%A0%EA%B0%9D%EC%A7%80%EC%9B%90/%ED%94%84%EB%A6%B0%ED%84%B0/%EB%B3%B5%ED%95%A9%EA%B8%B0/%EC%A0%95%ED%92%88%EB%AC%B4%ED%95%9C-L-%EC%8B%9C%EB%A6%AC%EC%A6%88/L6270/s/SPT_C11CJ61507,,budget_exhausted,,,0.0,,,,,,,
29,Epson EcoTank L6270,https://epson.co.kr/L6270,,budget_exhausted,,,0.0,,,,,,,
30,Canon CanoScan LiDE 400,https://usa.canon.com/shop/p/canoscan-lide-400,,budget_exhausted,,,0.0,,,,,,,
30,Canon CanoScan LiDE 400,https://community.usa.canon.com/t5/Scanners/CanoScan-LIDE-400-Crashes-Computer/td-p/569479,,budget_exhausted,,,0.0,,,,,,,
30,Canon CanoScan LiDE 400,https://community.usa.canon.com/t5/Scanners/CanoScan-LiDE-400-How-to-scan-at-4800-and-19200-dpi/td-p/584653,,budget_exhausted,,,0.0,,,,,,,
30,Canon CanoScan LiDE 400,https://community.usa.canon.com/t5/Scanners/Canoscan-LiDE400-scan-return-suddenly-slow/td-p/569104,,budget_exhausted,,,0.0,,,,,,,
32,Crucial T705,https://crucial.com/ssd/t705/CT2000T705SSD5,,budget_exhausted,,,0.0,,,,,,,
32,Crucial T705,https://crucial.com/ssd/t705/CT4000T705SSD5,,budget_exhausted,,,0.0,,,,,,,
32,Crucial T705,https://crucial.com/ssd/t705/ct2000t705ssd3,,budget_exhausted,,,0.0,,,,,,,
32,Crucial T705,https://crucial.com/ssd/t705/ct2000t705ssd5a,,budget_exhausted,,,0.0,,,,,,,
33,Corsair RM850x,https://corsair.com/ww/en/p/psu/cp-9020299-na/rm850x-shift-fully-modular-atx-power-supply-cp-9020299-na,https://www.corsair.com/ww/en/p/psu/cp-9020299-na/rm850x-shift-fully-modular-atx-power-supply-cp-9020299-na,loaded,loaded,200,4.57,different_variant,Main product and URL name an extra commercial variant,unknown,Primary product identity is not exact,brand_operator,False,False
33,Corsair RM850x,https://corsair.com/ww/en/p/psu/cp-9020270-na/rmx-series-rm850x-fully-modular-power-supply-cp-9020270-na,https://www.corsair.com/ww/en/p/psu/cp-9020270-na/rmx-series-rm850x-fully-modular-power-supply-cp-9020270-na,loaded,loaded,200,1.394,exact,Main product names the requested model,PC components,Fetched primary product identifies PC components,brand_operator,True,False
34,ASUS TUF Gaming GeForce RTX 5070 Ti,https://asus.com/jp/motherboards-components/graphics-cards/tuf-gaming/tuf-rtx5070ti-16g-gaming,,budget_exhausted,,,0.0,,,,,,,
34,ASUS TUF Gaming GeForce RTX 5070 Ti,https://asus.com/kr/motherboards-components/graphics-cards/tuf-gaming/filter?Series=TUF-Gaming,,budget_exhausted,,,0.0,,,,,,,
34,ASUS TUF Gaming GeForce RTX 5070 Ti,https://asus.com/kr/motherboards-components/graphics-cards/tuf-gaming/tuf-rtx5070ti-16g-gaming,,budget_exhausted,,,0.0,,,,,,,
34,ASUS TUF Gaming GeForce RTX 5070 Ti,https://asus.com/kr/motherboards-components/graphics-cards/tuf-gaming/tuf-rtx5070ti-o16g-btf-white,,budget_exhausted,,,0.0,,,,,,,
35,MSI MAG X870 TOMAHAWK WIFI,https://id.msi.com/Motherboard/MAG-X870-TOMAHAWK-WIFI/Specification,,budget_exhausted,,,0.0,,,,,,,
35,MSI MAG X870 TOMAHAWK WIFI,https://msi.com/Motherboard/MAG-X870-TOMAHAWK-WIFI/Specification,,budget_exhausted,,,0.0,,,,,,,
35,MSI MAG X870 TOMAHAWK WIFI,https://de.msi.com/Motherboard/MAG-X870-TOMAHAWK-WIFI,,budget_exhausted,,,0.0,,,,,,,
35,MSI MAG X870 TOMAHAWK WIFI,https://jp.msi.com/Motherboard/MAG-X870-TOMAHAWK-WIFI,,budget_exhausted,,,0.0,,,,,,,
36,DEWALT DCD805P2T,https://dewalt.co.uk/en-gb/product/dcd805p2t-gb/18v-xr-brushless-hammer-drill-driver-2-5ah-batteries,https://www.dewalt.co.uk/en-gb/product/dcd805p2t-gb/18v-xr-brushless-hammer-drill-driver-2-5ah-batteries,loaded,loaded,200,0.706,unknown,Product SKU relation: regional_suffix,unknown,Primary product identity is not exact,licensed_brand_operator,False,False
46,adidas Ultraboost 5 JH9073,https://adidas.ae/en/ultraboost-5-shoes/JH9073.html,,unavailable,http_blocked,403,1.177,,,,,,,
46,adidas Ultraboost 5 JH9073,https://adidas.com.sg/ultraboost-5-shoes/JH9073.html,,unavailable,http_blocked,403,1.022,,,,,,,
46,adidas Ultraboost 5 JH9073,https://adidas.com/om/en/ultraboost-5-shoes/JH9073.html,,unavailable,timeout,,12.642,,,,,,,
47,Nike AeroSwift FN4231-010,https://nike.com/gb/t/aeroswift-mens-dri-fit-adv-running-vest-vSX0Gdly/FN4231-010,https://www.nike.com/gb/t/aeroswift-mens-dri-fit-adv-running-vest-vSX0Gdly/FN4231-010,loaded,loaded,200,1.154,exact,Main product names the requested model,apparel/footwear,Fetched primary product identifies apparel/footwear,brand_operator,True,False
49,Oral-B iO Series 10,https://oralb.com/en-us/products/electric-toothbrushes/io-series-10-rechargeable-electric-toothbrush-cosmic-black,https://oralb.com/en-us/products/electric-toothbrushes/io-series-10-rechargeable-electric-toothbrush-cosmic-black/,loaded,loaded,200,1.075,exact,Main product names the requested model,personal care/skincare,Fetched primary product identifies personal care/skincare,brand_operator,True,False
49,Oral-B iO Series 10,https://oralb.com/en-us/products/oral-b-io-series-10-twin-pack-stardust-white-stardust-white,https://oralb.com/en-us/products/oral-b-io-series-10-twin-pack-stardust-white-stardust-white/,loaded,loaded,200,0.899,different_variant,Main object names a different package or refill,unknown,Primary product identity is not exact,brand_operator,False,False
49,Oral-B iO Series 10,https://oralb.com/en-us/products/oral-b-io-series-10-twin-pack-cosmic-black-cosmic-black,https://oralb.com/en-us/products/oral-b-io-series-10-twin-pack-cosmic-black-cosmic-black/,loaded,loaded,200,1.046,different_variant,Main object names a different package or refill,unknown,Primary product identity is not exact,brand_operator,False,False
49,Oral-B iO Series 10,https://oralb.com/en-us/products/oral-b-io-series-10-twin-pack-cosmic-black-stardust-white,https://oralb.com/en-us/products/oral-b-io-series-10-twin-pack-cosmic-black-stardust-white/,loaded,loaded,200,1.079,different_variant,Main object names a different package or refill,unknown,Primary product identity is not exact,brand_operator,False,False
50,CeraVe Hydrating Facial Cleanser,https://cerave.com/skincare/cleansers/hydrating-facial-cleanser,https://www.cerave.com/skincare/cleansers/hydrating-facial-cleanser,loaded,loaded,200,0.397,exact,Main product names the requested model,personal care/skincare,Fetched primary product identifies personal care/skincare,brand_operator,True,False
50,CeraVe Hydrating Facial Cleanser,https://cerave.com/skincare/cleansers/hydrating-facial-cleanser-refill,https://www.cerave.com/skincare/cleansers/hydrating-facial-cleanser-refill,loaded,loaded,200,0.459,different_variant,Main object names a different package or refill,unknown,Primary product identity is not exact,brand_operator,False,False
50,CeraVe Hydrating Facial Cleanser,https://cerave.com/skin-smarts/strength-of-ceramides/what-are-ceramides,https://www.cerave.com/skin-smarts/strength-of-ceramides/what-are-ceramides,loaded,loaded,200,0.574,unknown,Main product does not establish the requested identity,unknown,Primary product identity is not exact,brand_operator,False,False
50,CeraVe Hydrating Facial Cleanser,https://cerave.com/skin-smarts/skincare-tips-advice/tips-for-including-toner-in-your-skincare-routine,https://www.cerave.com/skin-smarts/skincare-tips-advice/tips-for-including-toner-in-your-skincare-routine,loaded,loaded,200,0.575,unknown,Main product does not establish the requested identity,unknown,Primary product identity is not exact,brand_operator,False,False
