index,input,identity_level,status,parsed_brand,parsed_model,queries,provider_attempts,provider_outcomes,service_seconds,harness_seconds,over_75_seconds,search_status,candidate_counts,accepted_official_pages,exact_main_product_pages,content_verified_exact_pages,support_pages,documents,exact_support_pages,exact_documents,fetch_statuses,fetch_http_403,fetch_timeout,js_shells,loaded_source_identity_or_scope_unproved,no_accepted_candidate,no_first_party_candidate,no_page_candidate_checked,load_limited,error
1,Bosch WAN28254GB,sku,PASS,Bosch,WAN28254GB,3,11,"{""timeout"": 2, ""blocked"": 1, ""success"": 3, ""circuit_open"": 5}",69.552,69.557,False,partial,"{""provider_raw"": 181, ""collected"": 181, ""normalized"": 181, ""unique"": 46, ""duplicates"": 135, ""accepted"": 10, ""rejected"": 36, ""official"": 1, ""dealer"": 0, ""secondary"": 9, ""documents"": 0}",1,1,1,0,0,0,0,"{""loaded"": 1, ""budget_exhausted"": 3}",0,0,0,0,False,False,False,True,
2,Siemens SN23EI03ME,sku,PASS,Siemens,SN23EI03ME,3,10,"{""timeout"": 2, ""empty"": 1, ""success"": 2, ""blocked"": 2, ""low_value"": 3}",63.133,63.135,False,partial,"{""provider_raw"": 10, ""collected"": 10, ""normalized"": 10, ""unique"": 10, ""duplicates"": 0, ""accepted"": 7, ""rejected"": 3, ""official"": 1, ""dealer"": 0, ""secondary"": 6, ""documents"": 0}",1,1,1,0,0,0,0,"{""loaded"": 1}",0,0,0,0,False,False,False,False,
3,Samsung RB38C7B6AS9,sku,PARTIAL,Samsung,RB38C7B6AS9,4,13,"{""timeout"": 2, ""empty"": 2, ""success"": 3, ""circuit_open"": 5, ""blocked"": 1}",85.617,85.623,True,partial,"{""provider_raw"": 28, ""collected"": 28, ""normalized"": 28, ""unique"": 14, ""duplicates"": 14, ""accepted"": 11, ""rejected"": 3, ""official"": 0, ""dealer"": 0, ""secondary"": 11, ""documents"": 0}",0,0,0,0,0,0,0,"{""loaded"": 2, ""budget_exhausted"": 1}",0,0,0,2,False,True,False,True,
4,Electrolux EOD6P77WX,sku,PARTIAL,Electrolux,EOD6P77WX,11,61,"{""empty"": 7, ""success"": 8, ""circuit_open"": 21, ""blocked"": 11, ""low_value"": 7, ""timeout"": 1, ""capped"": 6}",71.106,71.122,False,partial,"{""provider_raw"": 184, ""collected"": 116, ""normalized"": 116, ""unique"": 51, ""duplicates"": 65, ""accepted"": 18, ""rejected"": 33, ""official"": 0, ""dealer"": 0, ""secondary"": 18, ""documents"": 0}",0,0,0,0,0,0,0,"{""unavailable"": 1, ""budget_exhausted"": 2}",0,1,0,0,False,True,False,True,
5,AEG IKE64441FB,sku,PARTIAL,AEG,IKE64441FB,7,35,"{""empty"": 7, ""success"": 6, ""circuit_open"": 7, ""blocked"": 8, ""low_value"": 3, ""timeout"": 2, ""capped"": 2}",75.481,75.486,True,partial,"{""provider_raw"": 126, ""collected"": 82, ""normalized"": 82, ""unique"": 49, ""duplicates"": 33, ""accepted"": 28, ""rejected"": 21, ""official"": 0, ""dealer"": 0, ""secondary"": 28, ""documents"": 0}",0,0,0,0,0,0,0,"{""unavailable"": 1}",0,1,0,0,False,True,False,True,
6,Miele TWD260WP,sku,PARTIAL,Miele,TWD260WP,10,44,"{""empty"": 3, ""success"": 10, ""capped"": 9, ""circuit_open"": 12, ""blocked"": 5, ""low_value"": 4, ""timeout"": 1}",76.772,76.81,True,partial,"{""provider_raw"": 247, ""collected"": 200, ""normalized"": 200, ""unique"": 119, ""duplicates"": 81, ""accepted"": 26, ""rejected"": 93, ""official"": 0, ""dealer"": 0, ""secondary"": 26, ""documents"": 0}",0,0,0,0,0,0,0,"{""unavailable"": 1, ""budget_exhausted"": 1}",2,0,0,0,False,True,False,True,
7,Haier HCR5919EHMB,sku,PASS,Haier,HCR5919EHMB,3,5,"{""empty"": 2, ""success"": 3}",64.515,64.516,False,partial,"{""provider_raw"": 10, ""collected"": 10, ""normalized"": 10, ""unique"": 10, ""duplicates"": 0, ""accepted"": 9, ""rejected"": 1, ""official"": 1, ""dealer"": 0, ""secondary"": 8, ""documents"": 0}",1,1,1,0,0,0,0,"{""loaded"": 2}",0,0,0,1,False,False,False,False,
8,DeLonghi Eletta Explore ECAM450.86.T,sku,PARTIAL,DeLonghi,Eletta Explore ECAM450.86.T,9,42,"{""success"": 12, ""capped"": 8, ""empty"": 2, ""circuit_open"": 9, ""blocked"": 7, ""low_value"": 3, ""timeout"": 1}",79.626,79.645,True,partial,"{""provider_raw"": 345, ""collected"": 282, ""normalized"": 282, ""unique"": 117, ""duplicates"": 154, ""accepted"": 24, ""rejected"": 104, ""official"": 0, ""dealer"": 0, ""secondary"": 24, ""documents"": 0}",0,0,0,0,0,0,0,"{""budget_exhausted"": 4}",0,0,0,0,False,True,False,True,
9,Philips Airfryer Combi XXL HD9876/90,sku,PARTIAL,Philips,Airfryer Combi XXL HD9876/90,7,47,"{""success"": 6, ""capped"": 6, ""empty"": 2, ""blocked"": 9, ""low_value"": 8, ""timeout"": 3, ""circuit_open"": 13}",78.809,78.829,True,partial,"{""provider_raw"": 272, ""collected"": 222, ""normalized"": 222, ""unique"": 39, ""duplicates"": 183, ""accepted"": 5, ""rejected"": 34, ""official"": 0, ""dealer"": 0, ""secondary"": 5, ""documents"": 0}",0,0,0,0,0,0,0,"{""loaded"": 1}",0,0,0,1,False,True,False,False,
10,Dyson V15 Detect,model,PARTIAL,Dyson,V15 Detect,10,63,"{""success"": 10, ""empty"": 2, ""blocked"": 10, ""low_value"": 5, ""timeout"": 3, ""capped"": 9, ""circuit_open"": 24}",76.813,76.84,True,partial,"{""provider_raw"": 469, ""collected"": 199, ""normalized"": 199, ""unique"": 82, ""duplicates"": 117, ""accepted"": 23, ""rejected"": 59, ""official"": 0, ""dealer"": 0, ""secondary"": 23, ""documents"": 0}",0,0,0,0,0,0,0,"{""budget_exhausted"": 4}",0,0,0,0,False,True,False,True,
11,Kärcher K5 Power Control,model,PARTIAL,Kärcher,K5 Power Control,8,60,"{""empty"": 10, ""blocked"": 11, ""success"": 6, ""circuit_open"": 22, ""low_value"": 10, ""timeout"": 1}",105.53,105.549,True,partial,"{""provider_raw"": 328, ""collected"": 93, ""normalized"": 93, ""unique"": 50, ""duplicates"": 43, ""accepted"": 3, ""rejected"": 47, ""official"": 0, ""dealer"": 0, ""secondary"": 3, ""documents"": 0}",0,0,0,0,0,0,0,{},0,0,0,0,False,True,True,False,
12,Roborock S8 MaxV Ultra,model,PARTIAL,Roborock,S8 MaxV Ultra,10,32,"{""success"": 10, ""capped"": 5, ""empty"": 2, ""blocked"": 6, ""circuit_open"": 6, ""low_value"": 2, ""timeout"": 1}",86.899,86.914,True,partial,"{""provider_raw"": 207, ""collected"": 164, ""normalized"": 164, ""unique"": 73, ""duplicates"": 91, ""accepted"": 21, ""rejected"": 52, ""official"": 0, ""dealer"": 0, ""secondary"": 21, ""documents"": 0}",0,0,0,0,0,0,0,"{""loaded"": 2, ""budget_exhausted"": 3}",0,0,0,2,False,True,False,True,
13,Tefal Ultimate Pure FV9845,sku,PARTIAL,Tefal,Ultimate Pure FV9845,9,65,"{""success"": 6, ""capped"": 8, ""empty"": 2, ""blocked"": 12, ""low_value"": 10, ""timeout"": 3, ""circuit_open"": 24}",77.252,77.262,True,partial,"{""provider_raw"": 242, ""collected"": 84, ""normalized"": 84, ""unique"": 48, ""duplicates"": 36, ""accepted"": 7, ""rejected"": 41, ""official"": 0, ""dealer"": 0, ""secondary"": 7, ""documents"": 0}",0,0,0,0,0,0,0,"{""budget_exhausted"": 4}",0,0,0,0,False,True,False,True,
14,Braun MultiQuick 9 MQ9187XLI,sku,FAIL,Braun,MultiQuick 9 MQ9187XLI,2,12,"{""timeout"": 3, ""empty"": 2, ""blocked"": 4, ""success"": 1, ""low_value"": 1, ""circuit_open"": 1}",86.578,86.579,True,partial,"{""provider_raw"": 73, ""collected"": 20, ""normalized"": 20, ""unique"": 20, ""duplicates"": 0, ""accepted"": 11, ""rejected"": 9, ""official"": 0, ""dealer"": 0, ""secondary"": 11, ""documents"": 0}",0,0,0,0,0,0,0,{},0,0,0,0,False,True,True,False,
15,Kenwood Titanium Chef Patissier XL KWL90,model,PARTIAL,Kenwood,Titanium Chef Patissier XL KWL90,6,32,"{""success"": 9, ""empty"": 3, ""blocked"": 9, ""low_value"": 1, ""timeout"": 3, ""circuit_open"": 6, ""capped"": 1}",96.451,96.463,True,partial,"{""provider_raw"": 283, ""collected"": 177, ""normalized"": 177, ""unique"": 62, ""duplicates"": 103, ""accepted"": 32, ""rejected"": 42, ""official"": 0, ""dealer"": 0, ""secondary"": 32, ""documents"": 0}",0,0,0,0,0,0,0,"{""loaded"": 1, ""budget_exhausted"": 1}",0,0,0,1,False,True,False,True,
16,ASUS RT-BE88U,sku,PARTIAL,ASUS,RT-BE88U,4,19,"{""timeout"": 3, ""empty"": 2, ""blocked"": 5, ""success"": 3, ""circuit_open"": 5, ""low_value"": 1}",76.641,76.651,True,partial,"{""provider_raw"": 179, ""collected"": 60, ""normalized"": 60, ""unique"": 37, ""duplicates"": 23, ""accepted"": 24, ""rejected"": 13, ""official"": 0, ""dealer"": 0, ""secondary"": 24, ""documents"": 0}",0,0,0,0,0,0,0,"{""loaded"": 1}",0,0,0,1,False,True,False,False,
17,TP-Link Deco BE85,model,PARTIAL,TP-Link,Deco BE85,10,31,"{""success"": 11, ""capped"": 5, ""empty"": 2, ""blocked"": 5, ""circuit_open"": 6, ""low_value"": 1, ""timeout"": 1}",76.361,76.38,True,partial,"{""provider_raw"": 352, ""collected"": 320, ""normalized"": 320, ""unique"": 139, ""duplicates"": 154, ""accepted"": 15, ""rejected"": 151, ""official"": 0, ""dealer"": 0, ""secondary"": 15, ""documents"": 0}",0,0,0,0,0,0,0,"{""loaded"": 2, ""budget_exhausted"": 4}",0,0,0,2,False,True,False,True,
18,Ubiquiti UniFi U7 Pro,model,PARTIAL,Ubiquiti,UniFi U7 Pro,8,41,"{""empty"": 3, ""blocked"": 7, ""success"": 8, ""capped"": 8, ""circuit_open"": 11, ""low_value"": 3, ""timeout"": 1}",77.964,78.01,True,partial,"{""provider_raw"": 554, ""collected"": 504, ""normalized"": 504, ""unique"": 155, ""duplicates"": 332, ""accepted"": 30, ""rejected"": 142, ""official"": 0, ""dealer"": 0, ""secondary"": 30, ""documents"": 0}",0,0,0,0,0,0,0,{},0,0,0,0,False,True,True,False,
19,NETGEAR GS308EP,sku,PARTIAL,NETGEAR,GS308EP,10,11,"{""success"": 11}",42.04,42.052,False,success,"{""provider_raw"": 378, ""collected"": 573, ""normalized"": 573, ""unique"": 45, ""duplicates"": 528, ""accepted"": 11, ""rejected"": 34, ""official"": 0, ""dealer"": 0, ""secondary"": 11, ""documents"": 0}",0,0,0,0,0,0,0,"{""loaded"": 4}",0,0,0,4,False,True,False,False,
20,Synology DS923+,sku,PARTIAL,Synology,DS923+,11,43,"{""empty"": 3, ""success"": 11, ""capped"": 10, ""circuit_open"": 11, ""blocked"": 4, ""low_value"": 1, ""timeout"": 3}",80.684,80.697,True,partial,"{""provider_raw"": 369, ""collected"": 362, ""normalized"": 362, ""unique"": 167, ""duplicates"": 177, ""accepted"": 29, ""rejected"": 156, ""official"": 0, ""dealer"": 0, ""secondary"": 29, ""documents"": 0}",0,0,0,0,0,0,0,"{""budget_exhausted"": 4}",0,0,0,0,False,True,False,True,
21,APC Back-UPS BX1600MI,sku,PARTIAL,APC,Back-UPS BX1600MI,6,25,"{""empty"": 2, ""blocked"": 4, ""success"": 4, ""capped"": 8, ""circuit_open"": 3, ""low_value"": 2, ""timeout"": 2}",87.612,87.622,True,partial,"{""provider_raw"": 205, ""collected"": 205, ""normalized"": 205, ""unique"": 26, ""duplicates"": 179, ""accepted"": 18, ""rejected"": 8, ""official"": 0, ""dealer"": 0, ""secondary"": 18, ""documents"": 0}",0,0,0,0,0,0,0,{},0,0,0,0,False,True,True,False,
22,Logitech MX Keys S,model,PASS,Logitech,MX Keys S,3,5,"{""success"": 3, ""blocked"": 1, ""circuit_open"": 1}",25.95,25.957,False,success,"{""provider_raw"": 22, ""collected"": 3, ""normalized"": 3, ""unique"": 3, ""duplicates"": 0, ""accepted"": 3, ""rejected"": 0, ""official"": 1, ""dealer"": 0, ""secondary"": 2, ""documents"": 0}",1,1,1,0,0,0,0,"{""loaded"": 3}",0,0,0,2,False,False,False,False,
23,Razer DeathAdder V3,model,PASS,Razer,DeathAdder V3,3,5,"{""success"": 3, ""blocked"": 1, ""circuit_open"": 1}",28.265,28.318,False,success,"{""provider_raw"": 12, ""collected"": 2, ""normalized"": 2, ""unique"": 2, ""duplicates"": 0, ""accepted"": 2, ""rejected"": 0, ""official"": 1, ""dealer"": 0, ""secondary"": 1, ""documents"": 0}",1,1,1,0,0,0,0,"{""loaded"": 2}",0,0,0,1,False,False,False,False,
24,SteelSeries Arctis Nova Pro Wireless,model,PARTIAL,SteelSeries,Arctis Nova Pro Wireless,9,35,"{""empty"": 11, ""success"": 10, ""circuit_open"": 9, ""blocked"": 3, ""low_value"": 1, ""timeout"": 1}",70.081,70.102,False,partial,"{""provider_raw"": 330, ""collected"": 325, ""normalized"": 325, ""unique"": 129, ""duplicates"": 189, ""accepted"": 40, ""rejected"": 96, ""official"": 0, ""dealer"": 0, ""secondary"": 40, ""documents"": 0}",0,0,0,0,0,0,0,"{""loaded"": 4}",1,0,0,4,False,True,False,False,
25,Samsung Odyssey OLED G8 G80SD,model,PARTIAL,Samsung,Odyssey OLED G8 G80SD,3,10,"{""timeout"": 3, ""empty"": 2, ""success"": 2, ""circuit_open"": 3}",79.367,79.427,True,partial,"{""provider_raw"": 12, ""collected"": 12, ""normalized"": 12, ""unique"": 12, ""duplicates"": 0, ""accepted"": 12, ""rejected"": 0, ""official"": 0, ""dealer"": 0, ""secondary"": 12, ""documents"": 0}",0,0,0,0,0,0,0,"{""loaded"": 2}",0,0,1,2,False,True,False,False,
26,LG OLED evo C4,family,PARTIAL,LG,OLED evo C4,8,35,"{""empty"": 9, ""success"": 11, ""circuit_open"": 7, ""blocked"": 5, ""low_value"": 2, ""timeout"": 1}",108.272,108.309,True,partial,"{""provider_raw"": 318, ""collected"": 296, ""normalized"": 296, ""unique"": 151, ""duplicates"": 138, ""accepted"": 46, ""rejected"": 112, ""official"": 0, ""dealer"": 0, ""secondary"": 46, ""documents"": 0}",0,0,0,0,0,0,0,"{""loaded"": 4}",0,0,0,4,False,True,False,False,
27,Apple Mac mini M4,family,PARTIAL,Apple,Mac mini M4,6,23,"{""empty"": 1, ""timeout"": 3, ""success"": 5, ""capped"": 5, ""circuit_open"": 7, ""blocked"": 2}",79.975,79.982,True,partial,"{""provider_raw"": 195, ""collected"": 195, ""normalized"": 195, ""unique"": 45, ""duplicates"": 143, ""accepted"": 24, ""rejected"": 28, ""official"": 0, ""dealer"": 0, ""secondary"": 24, ""documents"": 0}",0,0,0,0,0,0,0,"{""budget_exhausted"": 4}",0,0,0,0,False,True,False,True,
28,Lenovo ThinkPad X1 Carbon Gen 13 Aura Edition,model,PARTIAL,Lenovo,ThinkPad X1 Carbon Gen 13 Aura Edition,8,30,"{""success"": 8, ""capped"": 6, ""empty"": 2, ""blocked"": 4, ""circuit_open"": 7, ""low_value"": 1, ""timeout"": 2}",163.389,163.424,True,partial,"{""provider_raw"": 406, ""collected"": 384, ""normalized"": 384, ""unique"": 117, ""duplicates"": 259, ""accepted"": 53, ""rejected"": 72, ""official"": 0, ""dealer"": 0, ""secondary"": 53, ""documents"": 0}",0,0,0,0,0,0,0,"{""budget_exhausted"": 4}",0,0,0,0,False,True,False,True,
29,Epson EcoTank L6270,sku,PARTIAL,Epson,EcoTank L6270,6,26,"{""success"": 4, ""capped"": 5, ""timeout"": 3, ""blocked"": 5, ""circuit_open"": 5, ""low_value"": 4}",104.455,104.474,True,partial,"{""provider_raw"": 181, ""collected"": 155, ""normalized"": 155, ""unique"": 55, ""duplicates"": 100, ""accepted"": 21, ""rejected"": 34, ""official"": 0, ""dealer"": 0, ""secondary"": 21, ""documents"": 0}",0,0,0,0,0,0,0,"{""budget_exhausted"": 3}",0,0,0,0,False,True,False,True,
30,Canon CanoScan LiDE 400,model,PARTIAL,Canon,CanoScan LiDE 400,6,25,"{""timeout"": 3, ""empty"": 2, ""blocked"": 3, ""success"": 5, ""circuit_open"": 12}",82.712,82.73,True,partial,"{""provider_raw"": 270, ""collected"": 270, ""normalized"": 270, ""unique"": 42, ""duplicates"": 228, ""accepted"": 33, ""rejected"": 9, ""official"": 0, ""dealer"": 0, ""secondary"": 33, ""documents"": 0}",0,0,0,0,0,0,0,"{""budget_exhausted"": 4}",0,0,0,0,False,True,False,True,
31,WD My Passport 5TB,family,PARTIAL,WD,My Passport 5TB,8,41,"{""empty"": 10, ""blocked"": 6, ""success"": 8, ""circuit_open"": 11, ""low_value"": 3, ""timeout"": 1, ""capped"": 2}",137.576,137.669,True,partial,"{""provider_raw"": 430, ""collected"": 401, ""normalized"": 401, ""unique"": 110, ""duplicates"": 286, ""accepted"": 30, ""rejected"": 85, ""official"": 0, ""dealer"": 0, ""secondary"": 30, ""documents"": 0}",0,0,0,0,0,0,0,{},0,0,0,0,False,True,True,False,
32,Crucial T705,family,PARTIAL,Crucial,T705,11,56,"{""success"": 8, ""capped"": 15, ""empty"": 2, ""blocked"": 6, ""circuit_open"": 17, ""low_value"": 5, ""timeout"": 3}",110.443,110.457,True,partial,"{""provider_raw"": 355, ""collected"": 312, ""normalized"": 312, ""unique"": 90, ""duplicates"": 222, ""accepted"": 57, ""rejected"": 33, ""official"": 0, ""dealer"": 0, ""secondary"": 57, ""documents"": 0}",0,0,0,0,0,0,0,"{""budget_exhausted"": 4}",0,0,0,0,False,True,False,True,
33,Corsair RM850x,family,PASS,Corsair,RM850x,3,5,"{""success"": 3, ""blocked"": 1, ""circuit_open"": 1}",53.757,53.772,False,success,"{""provider_raw"": 22, ""collected"": 2, ""normalized"": 2, ""unique"": 2, ""duplicates"": 0, ""accepted"": 2, ""rejected"": 0, ""official"": 1, ""dealer"": 0, ""secondary"": 1, ""documents"": 0}",1,1,1,0,0,0,0,"{""loaded"": 2}",0,0,0,1,False,False,False,False,
34,ASUS TUF Gaming GeForce RTX 5070 Ti,family,FAIL,ASUS,TUF Gaming GeForce RTX 5070 Ti,1,8,"{""timeout"": 4, ""blocked"": 2, ""success"": 2}",77.877,77.896,True,partial,"{""provider_raw"": 176, ""collected"": 100, ""normalized"": 100, ""unique"": 61, ""duplicates"": 39, ""accepted"": 29, ""rejected"": 32, ""official"": 0, ""dealer"": 0, ""secondary"": 29, ""documents"": 0}",0,0,0,0,0,0,0,"{""budget_exhausted"": 4}",0,0,0,0,False,True,False,True,
35,MSI MAG X870 TOMAHAWK WIFI,model,PARTIAL,MSI,MAG X870 TOMAHAWK WIFI,8,34,"{""empty"": 3, ""blocked"": 5, ""success"": 8, ""capped"": 7, ""circuit_open"": 8, ""low_value"": 1, ""timeout"": 2}",146.763,147.286,True,partial,"{""provider_raw"": 326, ""collected"": 316, ""normalized"": 316, ""unique"": 96, ""duplicates"": 198, ""accepted"": 43, ""rejected"": 75, ""official"": 0, ""dealer"": 0, ""secondary"": 43, ""documents"": 0}",0,0,0,0,0,0,0,"{""budget_exhausted"": 4}",0,0,0,0,False,True,False,True,
36,DEWALT DCD805P2T,sku,PARTIAL,DEWALT,DCD805P2T,5,20,"{""timeout"": 4, ""success"": 4, ""circuit_open"": 9, ""blocked"": 3}",86.08,86.234,True,partial,"{""provider_raw"": 81, ""collected"": 45, ""normalized"": 45, ""unique"": 34, ""duplicates"": 11, ""accepted"": 11, ""rejected"": 23, ""official"": 0, ""dealer"": 0, ""secondary"": 11, ""documents"": 0}",0,0,0,0,0,0,0,"{""loaded"": 1}",0,0,0,1,False,True,False,False,
37,Makita GA023GZ,sku,FAIL,Makita,GA023GZ,1,6,"{""empty"": 1, ""timeout"": 3, ""blocked"": 2}",78.495,78.496,True,timeout,"{""provider_raw"": 0, ""collected"": 0, ""normalized"": 0, ""unique"": 0, ""duplicates"": 0, ""accepted"": 0, ""rejected"": 0, ""official"": 0, ""dealer"": 0, ""secondary"": 0, ""documents"": 0}",0,0,0,0,0,0,0,{},0,0,0,0,True,True,True,False,
38,Milwaukee M18 FHX-502X,sku,FAIL,Milwaukee,M18 FHX-502X,1,2,"{""timeout"": 2}",214.61,214.611,True,timeout,"{""provider_raw"": 0, ""collected"": 0, ""normalized"": 0, ""unique"": 0, ""duplicates"": 0, ""accepted"": 0, ""rejected"": 0, ""official"": 0, ""dealer"": 0, ""secondary"": 0, ""documents"": 0}",0,0,0,0,0,0,0,{},0,0,0,0,True,True,True,False,
39,Bosch Professional GCM 8 SJL,model,FAIL,Bosch,Professional GCM 8 SJL,1,3,"{""timeout"": 3}",115.442,115.443,True,timeout,"{""provider_raw"": 0, ""collected"": 0, ""normalized"": 0, ""unique"": 0, ""duplicates"": 0, ""accepted"": 0, ""rejected"": 0, ""official"": 0, ""dealer"": 0, ""secondary"": 0, ""documents"": 0}",0,0,0,0,0,0,0,{},0,0,0,0,True,True,True,False,
40,Einhell TC-PL 750,model,FAIL,Einhell,TC-PL 750,1,2,"{""timeout"": 2}",82.347,82.421,True,timeout,"{""provider_raw"": 0, ""collected"": 0, ""normalized"": 0, ""unique"": 0, ""duplicates"": 0, ""accepted"": 0, ""rejected"": 0, ""official"": 0, ""dealer"": 0, ""secondary"": 0, ""documents"": 0}",0,0,0,0,0,0,0,{},0,0,0,0,True,True,True,False,
41,STIHL MS 182,model,FAIL,STIHL,MS 182,2,9,"{""success"": 2, ""timeout"": 2, ""blocked"": 2, ""error"": 2, ""low_value"": 1}",314.594,314.597,True,partial,"{""provider_raw"": 96, ""collected"": 21, ""normalized"": 21, ""unique"": 21, ""duplicates"": 0, ""accepted"": 19, ""rejected"": 2, ""official"": 0, ""dealer"": 0, ""secondary"": 19, ""documents"": 0}",0,0,0,0,0,0,0,{},0,0,0,0,False,True,True,False,
42,Husqvarna 525LK,sku,PARTIAL,Husqvarna,525LK,8,15,"{""success"": 9, ""empty"": 1, ""blocked"": 3, ""low_value"": 1, ""timeout"": 1}",39.398,39.4,False,partial,"{""provider_raw"": 56, ""collected"": 17, ""normalized"": 17, ""unique"": 11, ""duplicates"": 6, ""accepted"": 1, ""rejected"": 10, ""official"": 0, ""dealer"": 0, ""secondary"": 1, ""documents"": 0}",0,0,0,0,0,0,0,{},0,0,0,0,False,True,True,False,
43,Frostbite Drench 39ML,model,PARTIAL,Frostbite,Drench 39ML,8,49,"{""empty"": 9, ""success"": 5, ""circuit_open"": 19, ""blocked"": 6, ""low_value"": 9, ""timeout"": 1}",36.826,36.828,False,partial,"{""provider_raw"": 48, ""collected"": 32, ""normalized"": 32, ""unique"": 25, ""duplicates"": 6, ""accepted"": 6, ""rejected"": 20, ""official"": 0, ""dealer"": 0, ""secondary"": 6, ""documents"": 0}",0,0,0,0,0,0,0,{},0,0,0,0,False,True,True,False,
44,Nautilus X Series XL MAX,model,PARTIAL,Nautilus,X Series XL MAX,9,57,"{""empty"": 10, ""success"": 8, ""blocked"": 7, ""low_value"": 10, ""timeout"": 1, ""circuit_open"": 21}",55.44,55.443,False,partial,"{""provider_raw"": 73, ""collected"": 45, ""normalized"": 45, ""unique"": 39, ""duplicates"": 6, ""accepted"": 6, ""rejected"": 33, ""official"": 0, ""dealer"": 0, ""secondary"": 6, ""documents"": 0}",0,0,0,0,0,0,0,{},0,0,0,0,False,True,True,False,
45,Namazu Bionic 90 N41-90-52,sku,PARTIAL,Namazu,Bionic 90 N41-90-52,8,54,"{""empty"": 7, ""success"": 3, ""capped"": 7, ""blocked"": 5, ""low_value"": 11, ""timeout"": 1, ""circuit_open"": 20}",48.626,48.63,False,partial,"{""provider_raw"": 49, ""collected"": 32, ""normalized"": 32, ""unique"": 29, ""duplicates"": 3, ""accepted"": 9, ""rejected"": 20, ""official"": 0, ""dealer"": 0, ""secondary"": 9, ""documents"": 0}",0,0,0,0,0,0,0,{},0,0,0,0,False,True,True,False,
46,adidas Ultraboost 5 JH9073,sku,PARTIAL,adidas,Ultraboost 5 JH9073,10,70,"{""empty"": 12, ""success"": 10, ""circuit_open"": 27, ""blocked"": 12, ""low_value"": 8, ""timeout"": 1}",66.848,66.852,False,partial,"{""provider_raw"": 163, ""collected"": 113, ""normalized"": 113, ""unique"": 49, ""duplicates"": 64, ""accepted"": 14, ""rejected"": 35, ""official"": 0, ""dealer"": 0, ""secondary"": 14, ""documents"": 0}",0,0,0,0,0,0,0,"{""unavailable"": 3}",2,1,0,0,False,True,False,True,
47,Nike AeroSwift FN4231-010,sku,PASS,Nike,AeroSwift FN4231-010,3,12,"{""empty"": 3, ""timeout"": 2, ""success"": 3, ""blocked"": 2, ""low_value"": 2}",68.699,68.701,False,partial,"{""provider_raw"": 10, ""collected"": 10, ""normalized"": 10, ""unique"": 10, ""duplicates"": 0, ""accepted"": 6, ""rejected"": 4, ""official"": 1, ""dealer"": 0, ""secondary"": 5, ""documents"": 0}",1,1,1,0,0,0,0,"{""loaded"": 1}",0,0,0,0,False,False,False,False,
48,The North Face Nuptse,family,PARTIAL,The North,Face Nuptse,8,42,"{""empty"": 9, ""success"": 8, ""circuit_open"": 15, ""blocked"": 6, ""low_value"": 3, ""timeout"": 1}",37.842,37.845,False,partial,"{""provider_raw"": 229, ""collected"": 116, ""normalized"": 116, ""unique"": 67, ""duplicates"": 49, ""accepted"": 23, ""rejected"": 44, ""official"": 0, ""dealer"": 0, ""secondary"": 23, ""documents"": 0}",0,0,0,0,0,0,0,{},0,0,0,0,False,True,True,False,
49,Oral-B iO Series 10,model,PASS,Oral-B,iO Series 10,7,30,"{""success"": 7, ""capped"": 7, ""empty"": 1, ""blocked"": 7, ""low_value"": 1, ""timeout"": 1, ""circuit_open"": 6}",64.05,64.053,False,partial,"{""provider_raw"": 254, ""collected"": 87, ""normalized"": 87, ""unique"": 77, ""duplicates"": 10, ""accepted"": 36, ""rejected"": 41, ""official"": 1, ""dealer"": 0, ""secondary"": 35, ""documents"": 0}",1,1,1,0,0,0,0,"{""loaded"": 4}",0,0,0,3,False,False,False,False,
50,CeraVe Hydrating Facial Cleanser,family,PASS,CeraVe,Hydrating Facial Cleanser,3,13,"{""success"": 3, ""blocked"": 6, ""low_value"": 2, ""timeout"": 1, ""circuit_open"": 1}",27.804,27.805,False,success,"{""provider_raw"": 32, ""collected"": 4, ""normalized"": 4, ""unique"": 4, ""duplicates"": 0, ""accepted"": 4, ""rejected"": 0, ""official"": 1, ""dealer"": 0, ""secondary"": 3, ""documents"": 0}",1,1,1,0,0,0,0,"{""loaded"": 4}",0,0,0,3,False,False,False,False,
