index,input,runtime_seconds,over_budget,over_budget_seconds,search_status,unique_candidates,search_providers_seconds,direct_probes_seconds,browser_seconds,document_queries_seconds,other_providers_seconds,page_load_seconds_sum,page_load_count,unattributed_seconds,slowest_provider,slowest_status,slowest_seconds,slowest_timeout,slowest_page_seconds,slowest_page_status,crossing_provider,crossing_status,crossing_query,crossing_start_seconds,crossing_duration_seconds,crossing_configured_timeout,crossing_overshoot_of_own_timeout,crossing_failure_reason,tail_after_crossing_call_seconds
1,Bosch WAN28254GB,69.552,False,0.0,partial,46,7.525,36.623,20.055,0.0,0.0,2.336,4,3.013,direct_domain_probe,timeout,36.623357,36.0,2.336,loaded,,,,,,,,,
2,Siemens SN23EI03ME,63.133,False,0.0,partial,10,1.818,36.672,5.413,14.287,0.0,2.619,1,2.325,direct_domain_probe,timeout,36.671623,36.0,2.619,loaded,,,,,,,,,
3,Samsung RB38C7B6AS9,85.617,True,10.617,partial,14,5.455,37.928,7.31,0.0,0.0,5.29,3,29.634,direct_domain_probe,timeout,37.92754,36.0,2.844,loaded,duckduckgo_html,blocked,"""RB38C7B6AS9"" Samsung specs",74.628,0.469996,0.37194599997019395,0.098,,10.519
4,Electrolux EOD6P77WX,71.106,False,0.0,partial,51,34.882,19.844,1.128,0.0,0.0,12.891,3,2.361,direct_domain_probe,empty,14.184339,36.0,12.891,unavailable,,,,,,,,,
5,AEG IKE64441FB,75.481,True,0.481,partial,49,28.533,21.691,11.784,0.0,0.0,12.812,1,0.66,direct_domain_probe,empty,16.13323,36.0,12.812,unavailable,no_recorded_provider_call,,,,,,,,
6,Miele TWD260WP,76.772,True,1.772,partial,119,33.448,27.153,7.699,0.0,0.0,1.859,2,6.613,direct_domain_probe,empty,27.152729,36.0,1.859,unavailable,no_recorded_provider_call,,,,,,,,
7,Haier HCR5919EHMB,64.515,False,0.0,partial,10,2.368,34.978,9.23,1.968,0.0,5.479,2,10.492,direct_domain_probe,empty,34.978166,36.0,3.309,loaded,,,,,,,,,
8,DeLonghi Eletta Explore ECAM450.86.T,79.626,True,4.626,partial,117,39.796,24.144,6.214,0.0,0.0,0.0,4,9.473,direct_domain_probe,success,24.1436,36.0,0.0,budget_exhausted,no_recorded_provider_call,,,,,,,,
9,Philips Airfryer Combi XXL HD9876/90,78.809,True,3.809,partial,39,35.747,26.43,10.28,0.0,0.0,1.076,1,5.277,direct_domain_probe,success,26.42968,36.0,1.076,loaded,seznam,timeout,Philips official website,74.618,0.864716,0.3816442000097595,0.483,,3.326
10,Dyson V15 Detect,76.813,True,1.813,partial,82,37.739,33.86,2.668,0.0,0.0,0.0,4,2.546,direct_domain_probe,success,33.860307,36.0,0.0,budget_exhausted,naver,timeout,"""V15 Detect"" site:dyson.com -site:lb.dyson.com",74.047,1.084199,0.9530279000173323,0.131,,1.682
11,Kärcher K5 Power Control,105.53,True,30.53,partial,50,36.386,7.367,1.171,0.0,0.0,0,0,60.606,google,timeout,8.147852,8.0,,,no_recorded_provider_call,,,,,,,,
12,Roborock S8 MaxV Ultra,86.899,True,11.899,partial,73,25.895,22.279,14.291,0.0,0.0,1.087,5,23.347,direct_domain_probe,success,15.132784,36.0,0.713,loaded,no_recorded_provider_call,,,,,,,,
13,Tefal Ultimate Pure FV9845,77.252,True,2.252,partial,48,39.59,30.269,4.893,0.0,0.0,0.0,4,2.5,direct_domain_probe,success,30.269284,36.0,0.0,budget_exhausted,bing,timeout,"""Ultimate Pure FV9845"" site:tefal.co.uk",74.311,0.923807,0.6889186999760568,0.235,,2.017
14,Braun MultiQuick 9 MQ9187XLI,86.578,True,11.578,partial,20,18.397,38.769,17.683,0.0,0.0,0,0,11.73,direct_domain_probe,timeout,38.768613,36.0,,,duckduckgo_html,blocked,"""Braun MultiQuick 9 MQ9187XLI""",73.936,1.185219,1.0639729999820702,0.121,,11.457
15,Kenwood Titanium Chef Patissier XL KWL90,96.451,True,21.451,partial,62,33.43,19.27,16.301,0.0,0.0,1.923,2,25.527,browser_official_discovery,empty,16.301238,20.0,1.923,loaded,seznam,timeout,"""Titanium Chef Patissier XL KWL90"" Kenwood official",72.353,2.978581,2.646568500029389,0.332,,21.119
16,ASUS RT-BE88U,76.641,True,1.641,partial,37,17.575,39.169,14.359,0.0,0.0,2.211,1,3.327,direct_domain_probe,timeout,39.169142,36.0,2.211,loaded,google,timeout,"""RT-BE88U"" ASUS",68.803,6.259047,6.19727280002553,0.062,,1.579
17,TP-Link Deco BE85,76.361,True,1.361,partial,139,28.122,23.099,12.022,0.0,0.0,2.33,6,10.788,direct_domain_probe,success,13.440358,36.0,1.279,loaded,no_recorded_provider_call,,,,,,,,
18,Ubiquiti UniFi U7 Pro,77.964,True,2.964,partial,155,38.266,18.965,15.363,0.0,0.0,0,0,5.371,direct_domain_probe,empty,18.964607,36.0,,,no_recorded_provider_call,,,,,,,,
19,NETGEAR GS308EP,42.04,False,0.0,success,45,0.0,15.576,14.086,0.0,0.0,6.39,4,5.988,browser_official_discovery,success,14.085772,20.0,1.95,loaded,,,,,,,,,
20,Synology DS923+,80.684,True,5.684,partial,167,35.678,29.887,9.1,0.0,0.0,0.0,4,6.019,direct_domain_probe,empty,29.88728,36.0,0.0,budget_exhausted,naver,timeout,"""DS923+"" site:synology.com -site:blog.synology.com -site:c2.synology.com -site:community.synology.com -site:finds.synology.com",74.804,0.807204,0.19647470000199974,0.611,,5.073
21,APC Back-UPS BX1600MI,87.612,True,12.612,partial,26,19.817,35.477,19.512,0.0,0.0,0,0,12.806,direct_domain_probe,empty,35.477416,36.0,,,google,timeout,"""Back-UPS BX1600MI"" site:apc.com",71.239,3.787638,3.7611720000277273,0.026,,12.586
22,Logitech MX Keys S,25.95,False,0.0,success,3,3.386,11.735,0.0,2.849,0.0,3.402,3,4.577,direct_domain_probe,success,11.735403,36.0,1.271,loaded,,,,,,,,,
23,Razer DeathAdder V3,28.265,False,0.0,success,2,3.349,11.96,0.0,2.675,0.0,2.434,2,7.848,direct_domain_probe,success,11.959605,36.0,1.219,loaded,,,,,,,,,
24,SteelSeries Arctis Nova Pro Wireless,70.081,False,0.0,partial,129,32.348,15.221,12.678,0.0,0.0,3.538,4,6.296,direct_domain_probe,empty,14.579807,36.0,1.133,loaded,,,,,,,,,
25,Samsung Odyssey OLED G8 G80SD,79.367,True,4.367,partial,12,5.806,46.931,10.184,0.0,0.0,6.985,2,9.462,direct_domain_probe,timeout,46.930513,36.0,4.491,loaded,duckduckgo_html,timeout,"""Odyssey OLED G8 G80SD"" Samsung",74.321,1.380136,0.6786839999840595,0.701,,3.666
26,LG OLED evo C4,108.272,True,33.272,partial,151,37.676,14.299,0.0,0.0,0.0,24.033,4,32.264,direct_domain_probe,success,14.296896,32.30228810000699,9.518,loaded,no_recorded_provider_call,,,,,,,,
27,Apple Mac mini M4,79.975,True,4.975,partial,45,19.706,31.697,24.821,0.0,0.0,0.0,4,3.75,direct_domain_probe,empty,31.697411,36.0,0.0,budget_exhausted,naver,timeout,"""Mac mini M4"" Apple official",73.365,3.485379,1.6347192999674007,1.851,,3.124
28,Lenovo ThinkPad X1 Carbon Gen 13 Aura Edition,163.389,True,88.389,partial,117,36.104,26.57,11.37,0.0,0.0,0.0,4,89.345,direct_domain_probe,success,26.569733,36.0,0.0,budget_exhausted,google,timeout,Lenovo official website,66.559,8.77113,8.0,0.771,,88.059
29,Epson EcoTank L6270,104.455,True,29.455,partial,55,34.353,19.589,20.62,0.0,0.0,0.0,3,29.893,browser_official_discovery,timeout,20.620306,20.0,0.0,budget_exhausted,duckduckgo_html,blocked,"""EcoTank L6270"" Epson official",74.527,1.614938,0.47293340001488104,1.142,,28.313
30,Canon CanoScan LiDE 400,82.712,True,7.712,partial,42,25.429,38.896,12.1,0.0,0.0,0.0,4,6.287,direct_domain_probe,timeout,38.895827,36.0,0.0,budget_exhausted,naver,timeout,"""CanoScan LiDE 400"" Canon official",72.914,4.498292,2.086116900027264,2.412,,5.3
31,WD My Passport 5TB,137.576,True,62.576,partial,110,43.187,7.348,0.0,0.0,0.0,0,0,87.041,google,timeout,8.086408,8.0,,,no_recorded_provider_call,,,,,,,,
32,Crucial T705,110.443,True,35.443,partial,90,46.652,21.769,3.526,0.0,0.0,0.0,4,38.497,direct_domain_probe,success,21.768928,36.0,0.0,budget_exhausted,seznam,timeout,"""T705"" site:crucial.com -site:eu.crucial.com -site:uk.crucial.com",74.584,1.366069,0.41609499999321997,0.95,,34.493
33,Corsair RM850x,53.757,False,0.0,success,2,4.775,22.883,0.0,3.299,0.0,6.07,2,16.73,direct_domain_probe,success,22.882699,36.0,4.653,loaded,,,,,,,,,
34,ASUS TUF Gaming GeForce RTX 5070 Ti,77.877,True,2.877,partial,61,12.177,40.403,21.039,0.0,0.0,0.0,4,4.258,direct_domain_probe,timeout,40.403375,36.0,0.0,budget_exhausted,bing,timeout,ASUS TUF Gaming GeForce RTX 5070 Ti,73.766,1.778164,1.234083500050474,0.544,,2.333
35,MSI MAG X870 TOMAHAWK WIFI,146.763,True,71.763,partial,96,45.282,24.001,4.323,0.0,0.0,0.0,4,73.157,direct_domain_probe,empty,24.001349,36.0,0.0,budget_exhausted,duckduckgo_html,blocked,MSI official MAG X870 TOMAHAWK WIFI,74.549,1.71884,0.45099670003401116,1.268,,70.495
36,DEWALT DCD805P2T,86.08,True,11.08,partial,34,17.598,36.133,20.557,0.0,0.0,0.713,1,11.08,direct_domain_probe,timeout,36.132827,36.0,0.713,loaded,seznam,timeout,"""DCD805P2T"" site:dewalt.co.uk",72.652,3.679889,2.3483574999845587,1.332,,9.748
37,Makita GA023GZ,78.495,True,3.495,timeout,0,12.686,34.751,30.663,0.0,0.0,0,0,0.394,direct_domain_probe,empty,34.751281,36.0,,,seznam,timeout,Makita GA023GZ,68.109,9.999239,6.8906148000387475,3.109,,0.386
38,Milwaukee M18 FHX-502X,214.61,True,139.61,timeout,0,0.0,214.276,0.0,0.0,0.0,0,0,0.334,direct_domain_probe,timeout,214.276077,36.0,,,direct_domain_probe,timeout,Milwaukee M18 FHX-502X,0.001,214.276077,36.0,178.276,domain_resolution: SSLError; domain_resolution: HTTP 404 at https://nl.milwaukeetool.eu/CMSMessages/PageNotFound.aspx?aspxerrorpath=%2Fwww.%3B domain_resolution: ConnectTimeout; domain_resolution: ReadTimeout; domain_resolution: redirect left brand-consistent domain (fruits.co),0.333
39,Bosch Professional GCM 8 SJL,115.442,True,40.442,timeout,0,0.0,47.751,67.588,0.0,0.0,0,0,0.103,browser_official_discovery,timeout,67.588093,20.0,,,browser_official_discovery,timeout,Bosch Professional GCM 8 SJL,47.851,67.588093,20.0,47.588,rendered_homepage: TimeoutError at https://www.bosch.com/,0.003
40,Einhell TC-PL 750,82.347,True,7.347,timeout,0,0.0,82.32,0.0,0.0,0.0,0,0,0.027,direct_domain_probe,timeout,82.320049,36.0,,,direct_domain_probe,timeout,Einhell TC-PL 750,0.001,82.320049,36.0,46.32,domain_resolution: SSLError; official discovery deadline exhausted,0.026
41,STIHL MS 182,314.594,True,239.594,partial,21,264.578,24.744,24.969,0.0,0.0,0,0,0.304,google,error,248.402912,8.0,,,google,error,STIHL MS 182,66.13,248.402912,8.0,240.403,,0.061
42,Husqvarna 525LK,39.398,False,0.0,partial,11,11.669,13.559,13.549,0.0,0.0,0,0,0.621,browser_official_discovery,empty,13.549072,20.0,,,,,,,,,,,
43,Frostbite Drench 39ML,36.826,False,0.0,partial,25,23.743,11.534,1.18,0.0,0.0,0,0,0.37,direct_domain_probe,empty,10.170445,36.0,,,,,,,,,,,
44,Nautilus X Series XL MAX,55.44,False,0.0,partial,39,27.188,22.674,5.236,0.0,0.0,0,0,0.342,direct_domain_probe,empty,14.014568,36.0,,,,,,,,,,,
45,Namazu Bionic 90 N41-90-52,48.626,False,0.0,partial,29,27.441,20.572,0.278,0.0,0.0,0,0,0.334,direct_domain_probe,empty,20.572244,36.0,,,,,,,,,,,
46,adidas Ultraboost 5 JH9073,66.848,False,0.0,partial,49,28.243,18.233,6.101,0.0,0.0,14.858,3,0.0,direct_domain_probe,empty,12.204982,36.0,12.642,unavailable,,,,,,,,,
47,Nike AeroSwift FN4231-010,68.699,False,0.0,partial,10,13.09,30.768,20.017,2.669,0.0,1.157,1,0.998,direct_domain_probe,empty,30.768337,36.0,1.157,loaded,,,,,,,,,
48,The North Face Nuptse,37.842,False,0.0,partial,67,22.519,11.392,3.649,0.0,0.0,0,0,0.282,direct_domain_probe,empty,10.315693,36.0,,,,,,,,,,,
49,Oral-B iO Series 10,64.05,False,0.0,partial,77,19.516,20.94,19.156,0.896,0.0,4.125,4,0.0,direct_domain_probe,success,20.939528,36.0,1.096,loaded,,,,,,,,,
50,CeraVe Hydrating Facial Cleanser,27.804,False,0.0,success,4,11.117,10.056,0.0,3.866,0.0,2.018,4,0.747,direct_domain_probe,success,10.056092,36.0,0.582,loaded,,,,,,,,,
