index,input,identity_level,old_exact_urls,old_exact_url_in_new_raw,old_exact_url_in_new_candidates,new_exact_candidate_urls,candidate_decisions,page_check_selection,page_load_observed,operator_verdict,main_product_verdict,js_shell_observed,provider_blocked,provider_timeout,budget_over_75s,fetch_limit,current_adjudication,current_primary_page_evidence,current_operator_evidence
1,Bosch WAN28254GB,sku,https://www.bosch-home.co.uk/en/product/laundry/washing-machines/front-load-washing-machine/WAN28254GB | https://www.bosch-home.com/mt/en/mkt-product/washers-dryers/washing-machines/frontloader/WAN28254GB | https://www.bosch-home.ie/en/mkt-product/washers-and-dryers/washing-machines/front-loading-washing-machines/WAN28254GB,3,3,https://bosch-home.co.uk/en/product/laundry/washing-machines/front-load-washing-machine/WAN28254GB | https://bosch-home.com/mt/en/mkt-product/washers-dryers/washing-machines/frontloader/WAN28254GB | https://bosch-home.ie/en/mkt-product/washers-and-dryers/washing-machines/front-loading-washing-machines/WAN28254GB | https://currys.co.uk/products/bosch-series-4-wan28254gb-8-kg-1400-spin-washing-machine-white-10301999.html | https://applianceworldonline.com/products/bosch-wan28254gb-white-8kg-washing-machine-1400rpm-a-energy | https://ebmarsh.com/product/wan28254gb-8-kg-1400-spin-washing-machine-296wan28254gb | https://johnlewis.com/bosch-series-4-wan28254gb-freestanding-washing-machine-8kg-load-1400rpm-spin-white/p115205361 | https://manualypdf.cz/bosch/wan28254gb/manu%C3%A1l | https://markselectrical.co.uk/wan28254gb_bosch-washing-machine | https://sparkworld.co.uk/bosch-wan28254gb-white-1000008516 | https://televisionhouse.co.uk/bosch-wan28254gb-white-56497.html | https://theappliancedepot.co.uk/graded-bosch-wan28254gb-series-4-white-8kg-washing-machine-b-75513 | https://media3.bosch-home.com/Documents/specsheet/en-GB/WAN28254GB.pdf,secondary:exact:provisional:https://bosch-home.co.uk/en/product/laundry/washing-machines/front-load-washing-machine/WAN28254GB | secondary:exact:provisional:https://bosch-home.com/mt/en/mkt-product/washers-dryers/washing-machines/frontloader/WAN28254GB | secondary:exact:provisional:https://bosch-home.ie/en/mkt-product/washers-and-dryers/washing-machines/front-loading-washing-machines/WAN28254GB,https://bosch-home.co.uk/en/product/laundry/washing-machines/front-load-washing-machine/WAN28254GB:provisional_top4 | https://bosch-home.com/mt/en/mkt-product/washers-dryers/washing-machines/frontloader/WAN28254GB:provisional_top4 | https://bosch-home.ie/en/mkt-product/washers-and-dryers/washing-machines/front-loading-washing-machines/WAN28254GB:provisional_top4,not_recorded,unknown,not_recorded,False,6,2,True,provisional fetch outcomes were not archived; blocking cannot be inferred,confirmed_current_false_refusal,https://www.bosch-home.co.uk/en/product/laundry/washing-machines/front-load-washing-machine/WAN28254GB,https://media3.bsh-group.com/Documents/9001351957_A.pdf
3,Samsung RB38C7B6AS9,sku,https://www.samsung.com/fr/refrigerators/bottom-mount-freezer/bespoke-bmfreezer-with-smartthings-ai-energy-mode-387l-silver-rb38c7b6as9-ef/ | https://www.samsung.com/es/refrigerators/bottom-mount-freezer/bespoke-bmfreezer-with-smartthings-ai-energy-mode-387l-silver-rb38c7b6as9-ef/,2,2,https://samsung.com/cz/support/model/RB38C7B6AS9/EF | https://samsung.com/uk/support/model/RB38C7B6AS9/EF | https://samsung.com/es/refrigerators/bottom-mount-freezer/bespoke-bmfreezer-with-smartthings-ai-energy-mode-387l-silver-rb38c7b6as9-ef | https://samsung.com/fr/refrigerators/bottom-mount-freezer/bespoke-bmfreezer-with-smartthings-ai-energy-mode-387l-silver-rb38c7b6as9-ef | https://manualslib.com/products/Samsung-Rb38c7b6as9-14192478.html | https://manua.ls/samsung/rb38c7b6as9/manual | https://manualsarea.com/samsung-rb38c7b6as9-user-manual-761357 | https://manualscat.com/en/samsung-rb38c7b6as9-manual | https://manualslib.com/manual/3558848/Samsung-Rb38c7b6as9.html | https://onlineshop.cz/kombinovane-chladnicky/s-mrazakem-dole/chladnicka-samsung-rb38c7b6as9-ef-1138899P.html | https://allegro.cz/produkt/jednodverova-chladnicka-samsung-rb38c7b6as9-ef-f71994a1-c4bf-4a7f-ba27-9b38fb092c81 | https://alza.cz/samsung-bespoke-rb38c7b6as9-ef-d7761152.htm | https://arecenze.cz/samsung-rb38c7b6as9 | https://cena-vykon.cz/lednice/samsung-rb38c7b6as9 | https://datart.cz/chladnicka-s-mraznickou-samsung-rb38c7b6as9-ef-bespoke-stribrna.html | https://lednice.heureka.cz/samsung-rb38c7b6as9?haff=278002 | https://planeo.cz/samsung-rb38c7b6as9-ef | https://tsbohemia.cz/samsung-rb38c7b6as9_d496534 | https://zbozi.cz/vyrobek/samsung-bespoke-rb38c7b6as9-ef,secondary:exact:provisional:https://samsung.com/es/refrigerators/bottom-mount-freezer/bespoke-bmfreezer-with-smartthings-ai-energy-mode-387l-silver-rb38c7b6as9-ef | secondary:exact:provisional:https://samsung.com/fr/refrigerators/bottom-mount-freezer/bespoke-bmfreezer-with-smartthings-ai-energy-mode-387l-silver-rb38c7b6as9-ef,https://samsung.com/es/refrigerators/bottom-mount-freezer/bespoke-bmfreezer-with-smartthings-ai-energy-mode-387l-silver-rb38c7b6as9-ef:provisional_top4 | https://samsung.com/fr/refrigerators/bottom-mount-freezer/bespoke-bmfreezer-with-smartthings-ai-energy-mode-387l-silver-rb38c7b6as9-ef:provisional_top4,not_recorded,unknown,not_recorded,False,5,1,False,provisional fetch outcomes were not archived; blocking cannot be inferred,unknown,,
4,Electrolux EOD6P77WX,sku,https://electrolux.bg/kitchen/cooking/ovens/oven/eod6p77wx | https://shop.electrolux.co.uk/model/m/EOD6P77WX,2,2,https://electrolux.bg/kitchen/cooking/ovens/oven/eod6p77wx | https://shop.electrolux.co.uk/model/m/EOD6P77WX | https://manualslib.com/products/Electrolux-Eod6p77wx-13291007.html | https://manua.ls/electrolux/eod6p77wx/manual | https://manual.nz/electrolux/eod6p77wx/manual | https://manualslib.com/manual/3063829/Electrolux-Eod6p77wx.html | https://manualslib.com/manual/3391216/Electrolux-Eod6p77wx.html | https://onlineshop.cz/parni-trouby/trouba-electrolux-eod6p77wx-1187030P.html | https://onlineshop.cz/vyhodne-sety-vestavnych-kuchynskych-spotrebicu/set-trouba-electrolux-eod6p77wx-mikrovlnna-trouba-electrolux-600-flex-lms4253tmx-indukcni-deska-elec-1299233P.html | https://allegro.cz/produkt/elektricka-parni-trouba-electrolux-600-steambake-eod6p77wx-s-horkovzduchem-d74e8cdf-0c64-4661-aabf-580d25c05ba2 | https://allusermanuals.com/appliances/walloven/electrolux/eod6p77wx | https://beepitheto-suto.arukereso.hu/electrolux/eod6p77wx-steambake-p650326542 | https://elektrocz.com/p280210-electrolux-eod6p77wx-2.jakost | https://tsbohemia.cz/electrolux-eod6p77wx_d384007 | https://zbozi.cz/vyrobek/electrolux-eod6p77wx | https://zbozi.cz/vyrobek/electrolux-eod6p77wx-eiv634 | https://datart.cz/trouba-electrolux-600-pro-eod6p77wx-cerna-nerez,secondary:exact:provisional:https://electrolux.bg/kitchen/cooking/ovens/oven/eod6p77wx | secondary:exact:provisional:https://shop.electrolux.co.uk/model/m/EOD6P77WX,https://electrolux.bg/kitchen/cooking/ovens/oven/eod6p77wx:provisional_top4 | https://shop.electrolux.co.uk/model/m/EOD6P77WX:provisional_top4,not_recorded,unknown,not_recorded,False,10,1,False,provisional fetch outcomes were not archived; blocking cannot be inferred,confirmed_current_false_refusal,https://www.electrolux.bg/kitchen/cooking/ovens/oven/eod6p77wx/,https://www.electrolux.bg/overlays/terms-and-conditions/
5,AEG IKE64441FB,sku,https://aeg.fr/kitchen/cooking/hobs/induction-hob/ike64441fb,1,1,https://aeg.fr/kitchen/cooking/hobs/induction-hob/ike64441fb | https://manualslib.com/products/Aeg-Ike64441fb-12021451.html | https://aeg.manymanuals.com/hobs/ike64441fb/user-manual-28193 | https://manua.ls/aeg/ike64441fb/manual | https://manuals.plus/aeg/ike64441fb-induction-hob-manual | https://manuals.plus/aeg/ike64441fb-induction-hob-manual.pdf | https://manualshelf.com/manual/aeg/ike64441fb/1-user-manual-english.html | https://manualslib.com/manual/2329129/Aeg-Ike64441fb.html | https://manualzz.com/doc/51450492/aeg-ike64441fb-user-manual | https://manualzz.com/doc/66220116/aeg-ike64441fb-induction-hob-user-manual | https://business.currys.co.uk/catalogue/domestic-appliances/cooking/ceramic-hobs/aeg-ike64441fb-59-cm-electric-induction-hob-black/B234666B | https://onlineshop.cz/indukcni-varne-desky/indukcni-deska-aeg-mastery-bridge-ike64441fb-1102732P.diskuse.html | https://alta.ge/en/built-in-appliances/aeg-ike64441fb-p29136 | https://alza.cz/aeg-mastery-bridge-ike64441fb-d7619326.htm | https://apollos.cz/produkt/aeg-ike64441fb | https://datart.cz/bazar/indukcni-varna-deska-aeg-serie-6000-ike64441fb-cerna-s-mirnym-poskozenim-12-mesicu-zaruka | https://johnlewis.com/aeg-ike64441fb-induction-hob-black/p4275490 | https://oaza.cz/aeg-ike64441fb-p2rsfdt0c | https://planeo.cz/aeg-ike64441fb | https://tsbohemia.cz/aeg-ike64441fb_d524749 | https://varne-desky.heureka.cz/aeg-ike64441fb/pridat-externi-recenzi | https://zbozi.cz/vyrobek/aeg-ike64441fb | https://zbozi.cz/vyrobek/aeg-ike64441fb/vsechny-recenze,secondary:exact:provisional:https://aeg.fr/kitchen/cooking/hobs/induction-hob/ike64441fb,https://aeg.fr/kitchen/cooking/hobs/induction-hob/ike64441fb:provisional_top4,not_recorded,unknown,not_recorded,False,10,1,False,provisional fetch outcomes were not archived; blocking cannot be inferred,confirmed_current_false_refusal,https://www.aeg.fr/kitchen/cooking/hobs/induction-hob/ike64441fb/,https://www.aeg.fr/overlays/shop-terms-and-conditions/
6,Miele TWD260WP,sku,https://miele.ae/product/12179550/t1-heat-pump-dryer-twd260wp-8kg | https://miele.co.uk/product/11871790/t1-heat-pump-dryer-twd260wp-8kg-lotus-white | https://miele.fr/product/11848770/seche-linge-pompe-a-chaleur-t1-twd260wp-8kg-blanc-lotus,3,3,https://miele.ae/product/12179550/t1-heat-pump-dryer-twd260wp-8kg | https://miele.co.uk/product/11871790/t1-heat-pump-dryer-twd260wp-8kg-lotus-white | https://miele.fr/product/11848770/seche-linge-pompe-a-chaleur-t1-twd260wp-8kg-blanc-lotus | https://miele.es/product/11845050/secadora-de-bomba-de-calor-t1-twd260wp-8kg-blanco-loto | https://manualslib.com/products/Miele-Twd260wp-13584669.html | https://egofile.com/manuals/miele/twd260wp | https://manualshelf.com/manual/miele-tumble-dryers-heat-pump-dryers/twd260wp-8kg/product-sheet-english.html | https://manualshelf.com/manual/miele-tumble-dryers-heat-pump-dryers/twd260wp-8kg/user-manual-english.html | https://manualshelf.com/manual/miele/twd260wp-8kg/fs-twd260wp-8kg-gb-en-gb-english.html | https://manualshelf.com/manual/miele/twd260wp-8kg/user-manual-english.html | https://manualslib.com/manual/3225503/Miele-Twd260wp.html | https://onlineshop.cz/kondenzacni-susicky-pradla/susicka-pradla-miele-twd260wp-988692P.html | https://onlineshop.cz/kondenzacni-susicky-pradla/susicka-pradla-miele-twd260wp-988692P.recenze.html | https://elektro-kutilek.cz/miele-twd260wp | https://elektrocz.com/p278255-miele-twd260wp-8kg | https://elektrocz.com/p278676-miele-wwg360-wcs-pwash-9kg-twd260wp-8kg | https://manualzz.com/doc/o/2mh4oa/miele-twd260wp-8kg-t1-heat-pump-dryer-operating-instructions-installation | https://manualzz.com/doc/o/2mh4oj/miele-twd260wp-8kg-t1-heat-pump-dryer-operating-instructions-loading-the-laundry | https://nemeckespotrebice.cz/p284670-miele-twd260wp-8kg-z-vystavky | https://recenze-a-testy.cz/recenze/miele-twd260wp-recenze | https://susicky.heureka.cz/miele-twd260wp | https://zbozi.cz/vyrobek/miele-twd260wp,secondary:exact:provisional:https://miele.ae/product/12179550/t1-heat-pump-dryer-twd260wp-8kg | secondary:exact:provisional:https://miele.co.uk/product/11871790/t1-heat-pump-dryer-twd260wp-8kg-lotus-white | secondary:exact:provisional:https://miele.fr/product/11848770/seche-linge-pompe-a-chaleur-t1-twd260wp-8kg-blanc-lotus,https://miele.ae/product/12179550/t1-heat-pump-dryer-twd260wp-8kg:provisional_top4 | https://miele.co.uk/product/11871790/t1-heat-pump-dryer-twd260wp-8kg-lotus-white:provisional_top4 | https://miele.fr/product/11848770/seche-linge-pompe-a-chaleur-t1-twd260wp-8kg-blanc-lotus:provisional_top4,not_recorded,unknown,not_recorded,False,7,1,False,provisional fetch outcomes were not archived; blocking cannot be inferred,confirmed_current_false_refusal,https://www.miele.co.uk/product/11871790/t1-heat-pump-dryer-twd260wp-8kg-lotus-white,https://www.miele.com/de/com/2185.htm
8,DeLonghi Eletta Explore ECAM450.86.T,sku,https://delonghi.ru/product/kofemashinaa-delonghi-ecam450-86-t/,1,1,https://delonghi.com/it-it/p/eletta-explore-macchina-automatica-per-caffe-in-chicchi-eletta-explore-ecam450.86.t-ex4/ECAM450.86.T+EX:4.html?pid=0132250153 | https://delonghi.ru/product/kofemashinaa-delonghi-ecam450-86-t,secondary:exact:provisional:https://delonghi.ru/product/kofemashinaa-delonghi-ecam450-86-t,https://delonghi.ru/product/kofemashinaa-delonghi-ecam450-86-t:provisional_top4,not_recorded,unknown,not_recorded,False,2,1,False,provisional fetch outcomes were not archived; blocking cannot be inferred,unknown,,
10,Dyson V15 Detect,model,https://www.dyson.hk/zh-HK/products/cord-free/dyson-v15-detect/overview,1,1,https://dyson.com.au/products/vacuum-cleaners/stick-vacuums/dyson-v15-detect/overview | https://dyson.com.au/products/vacuum-cleaners/stick-vacuums/dyson-v15-detect/owners-guide | https://dyson.com.au/products/vacuum-cleaners/stick-vacuums/dyson-v15-detect/shop-all | https://dyson.hk/zh-HK/products/cord-free/dyson-v15-detect/overview | https://dyson.com/support/vacuum-cleaners/cordless/v15-detect | https://dyson.co.uk/discover/archive/2021/inside-the-tech-v15-detect | https://dyson.com.au/dyson-v15-detect-total-clean | https://dyson.com/vacuum-cleaners/cordless/v15/detect-yellow | https://dyson.co.uk/vacuum-cleaners/cordless/v15/detect-yellow-nickel | https://dyson.com/commercial/vacuums/dyson-v15-detect | https://support.dyson.com.au/supportHome/Vacuums/Cordless/v15-detect/394092-01/how-to-use-your-machine/download-the-user-guide | https://bestbuy.com/product/dyson-v15-detect-cordless-vacuum-with-8-accessories-yellow-nickel/J3ZCSYCVPL | https://support.kr.dyson.com/SupportHome/Vacuums/Cordless/v15-detect | https://support.kr.dyson.com/supporthome.aspx/Vacuums/Cordless/v15-detect/369476-01/troubleshooting/unusual-smell | https://support.kr.dyson.com/supporthome.aspx/Vacuums/Cordless/v15-detect/479335-01 | https://support.kr.dyson.com/supporthome/Vacuums/Cordless/v15-detect/368369-01/troubleshooting/clear-the-bin-374206 | https://abt.com/Dyson-V15-Detect-Cordless-Vacuum-62641701/p/243963.html | https://bajajfinserv.in/bmall/dyson-v15-detect-240w-cordless-dry-vacuum-cleaner-yellow-and-nickel-447113-01/p/29185 | https://builtwith.com/ko/ecommerce/products/Dyson-V15-Detect-Cordless-Vacuum | https://costco.com/p/-/dyson-v15-detect-total-clean-extra-cordless-stick-vacuum/4000177472 | https://homedepot.com/p/Dyson-V15-Detect-Bagless-Cordless-Washable-Filter-Stick-Vacuum-for-Multi-Surface-with-Illumination-626417-01/342657001 | https://support.kr.dyson.com/SupportHome/Vacuums/Cordless/v15-detect/368369-01/how-to-use-your-machine/check-the-bin-inlet | https://beebom.com/dyson-v15-detect-cord-free-vacuum-cleaner-launched-india | https://ko.ifixit.com/Device/Dyson_V15_Detect | https://lowes.com/pd/Dyson-V15-Detect-Portable-Cordless-Pet-Stick-Vacuum-Cleaner-Cordless-Pet-Stick-Vacuum-Cleaner-Convertible-to-Handheld/5018940111 | https://popularmechanics.com/home/tools/a71293377/dyson-v15-detect-stick-vacuum-green-laser | https://walmart.com/ip/Dyson-V15-Detect-Cordless-Vacuum-Yellow-Nickel-New-Newest-Gen/20037872945 | https://yours.co.uk/life/home/dyson-v15-detect | https://amazon.com/Dyson-V15-Detect-Cordless-Vacuum/dp/B0GXX8KQY7 | https://ebay.com/b/Dyson-V15-Detect/20614/bn_7117725207,secondary:exact:provisional:https://dyson.hk/zh-HK/products/cord-free/dyson-v15-detect/overview,https://dyson.hk/zh-HK/products/cord-free/dyson-v15-detect/overview:provisional_top4,not_recorded,unknown,not_recorded,False,4,1,False,provisional fetch outcomes were not archived; blocking cannot be inferred,unknown,,
13,Tefal Ultimate Pure FV9845,sku,https://www.tefal.co.uk/Linen-Care/Steam-Irons/Professional-Results/Ultimate-Pure-FV9845-Steam-Iron-Black-&-Rose-Gold/p/1830007280 | https://www.tefal.com/Linen-Care/Steam-Irons/ULTIMATE-PURE-FV9845/p/1830006927 | https://tefal.ru/product/utyug-tefal-ultimate-pure-fv9845_1,3,3,https://tefal.co.uk/Linen-Care/Steam-Irons/Professional-Results/Ultimate-Pure-FV9845-Steam-Iron-Black-&-Rose-Gold/p/1830007280 | https://tefal.com/Linen-Care/Steam-Irons/ULTIMATE-PURE-FV9845/p/1830006927 | https://tefal.ru/product/utyug-tefal-ultimate-pure-fv9845_1,secondary:exact:provisional:https://tefal.co.uk/Linen-Care/Steam-Irons/Professional-Results/Ultimate-Pure-FV9845-Steam-Iron-Black-&-Rose-Gold/p/1830007280 | secondary:exact:provisional:https://tefal.com/Linen-Care/Steam-Irons/ULTIMATE-PURE-FV9845/p/1830006927 | secondary:exact:provisional:https://tefal.ru/product/utyug-tefal-ultimate-pure-fv9845_1,https://tefal.co.uk/Linen-Care/Steam-Irons/Professional-Results/Ultimate-Pure-FV9845-Steam-Iron-Black-&-Rose-Gold/p/1830007280:provisional_top4 | https://tefal.com/Linen-Care/Steam-Irons/ULTIMATE-PURE-FV9845/p/1830006927:provisional_top4 | https://tefal.ru/product/utyug-tefal-ultimate-pure-fv9845_1:provisional_top4,not_recorded,unknown,not_recorded,False,6,1,False,provisional fetch outcomes were not archived; blocking cannot be inferred,unknown,,
16,ASUS RT-BE88U,sku,https://www.asus.com/networking-iot-servers/wifi-routers/asus-gaming-routers/rt-be88u/ | https://www.asus.com/us/networking-iot-servers/wifi-routers/asus-gaming-routers/rt-be88u/ | https://eshop.asus.com/us/90ig08v0-ma1n0v-rt-be88u.html | https://uk.store.asus.com/rt-be88u-240147760-90ig08v0-mo3n0v.html,4,4,https://asus.com/au/networking-iot-servers/wifi-routers/asus-wifi-routers/rt-be88u | https://asus.com/ea-sw/networking-iot-servers/wifi-routers/asus-gaming-routers/rt-be88u/helpdesk_knowledge?model2Name=RT-BE88U | https://asus.com/my/networking-iot-servers/wifi-routers/asus-gaming-routers/rt-be88u/where-to-buy | https://asus.com/networking-iot-servers/wifi-routers/asus-gaming-routers/rt-be88u | https://asus.com/networking-iot-servers/wifi-routers/asus-gaming-routers/rt-be88u/techspec | https://asus.com/nl/networking-iot-servers/wifi-routers/asus-gaming-routers/rt-be88u | https://asus.com/no/networking-iot-servers/wifi-routers/asus-gaming-routers/rt-be88u | https://asus.com/nz/networking-iot-servers/wifi-routers/asus-gaming-routers/rt-be88u | https://asus.com/nz/networking-iot-servers/wifi-routers/asus-gaming-routers/rt-be88u/where-to-buy | https://asus.com/sg/networking-iot-servers/wifi-routers/asus-gaming-routers/rt-be88u | https://asus.com/us/networking-iot-servers/wifi-routers/asus-gaming-routers/rt-be88u | https://eshop.asus.com/us/90ig08v0-ma1n0v-rt-be88u.html | https://uk.store.asus.com/rt-be88u-240147760-90ig08v0-mo3n0v.html | https://zentalk.asus.com/t5/networking/ipsec-vpn-rtbe88u/td-p/511234 | https://galaxus.fr/en/s1/product/asus-wl-router-rt-be88u-routers-44851730 | https://adorama.com/asus-rt-be88u-be7200-dual-band-wifi-7-router-black/p/asrtbe88u | https://bhphotovideo.com/c/product/1834276-REG/asus_rt_be88u_dual_band_wifi_7_aimesh.html | https://manualslib.com/products/Asus-Rt-Be88u-14339532.html | https://newegg.com/asus-rt-be88u-ieee-802-11a-ieee-802-11b-ieee-802-11g-wifi-4-wifi-5-wifi-6-wifi-6e-wifi-7-ipv4-ipv6/p/N82E16833320598 | https://manua.ls/asus/rt-be88u/manual | https://manualowl.com/p/Asus/RT-BE88U/Manual/379703 | https://manuals.plus/asus/rt-be88u-wifi-routers-manual | https://manualslib.com/guide/3688169/asus-rt-be88u-manual.html | https://au.pcmag.com/wireless-routers/106772/asus-rt-be88u | https://ko.manuals.plus/tag/rt-be88u | https://manuals.plus/ko/tag/rt-be88u | https://topcpu.net/en/router-c/asus-rt-be88u-vs-asus-rt-be96u | https://topcpu.net/en/router-c/asus-rt-be88u-vs-xiaomi-be10000 | https://amazon.ca/RT-BE88U-Dual-Band-Extendable-Performance-Capacity/dp/B0D55SWRSM | https://amazon.com/ASUS-RT-BE88U-Dual-Band-Extendable-Performance/dp/B0D55SWRSM | https://amazon.com/ASUS-RT-BE88U-Dual-Band-Extendable-Performance/dp/B0F4BDT76J,secondary:exact:provisional:https://asus.com/networking-iot-servers/wifi-routers/asus-gaming-routers/rt-be88u | secondary:exact:provisional:https://asus.com/us/networking-iot-servers/wifi-routers/asus-gaming-routers/rt-be88u | secondary:exact:provisional:https://eshop.asus.com/us/90ig08v0-ma1n0v-rt-be88u.html | secondary:exact:provisional:https://uk.store.asus.com/rt-be88u-240147760-90ig08v0-mo3n0v.html,https://asus.com/networking-iot-servers/wifi-routers/asus-gaming-routers/rt-be88u:provisional_top4 | https://asus.com/us/networking-iot-servers/wifi-routers/asus-gaming-routers/rt-be88u:not_selected | https://eshop.asus.com/us/90ig08v0-ma1n0v-rt-be88u.html:not_selected | https://uk.store.asus.com/rt-be88u-240147760-90ig08v0-mo3n0v.html:not_selected,not_recorded,unknown,not_recorded,False,3,3,True,provisional fetch outcomes were not archived; blocking cannot be inferred,confirmed_current_false_refusal,https://www.asus.com/us/networking-iot-servers/wifi-routers/asus-gaming-routers/rt-be88u/,https://www.asus.com/terms_of_use_notice_privacy_policy/official-site/
17,TP-Link Deco BE85,model,https://www.tp-link.cz/cs/296056-tp-link-deco-be85-2ks | https://www.tp-link.cz/cs/300990-tp-link-deco-be85-1ks,2,2,https://tp-link.cz/cs/296056-tp-link-deco-be85-2ks | https://tp-link.cz/cs/300990-tp-link-deco-be85-1ks | https://tplink.com.az/en/product/deco-be85 | https://static.tp-link.com/upload/product-overview/2023/202304/20230428/Deco BE85 (EU)1.0_Datasheet.pdf | https://manua.ls/tp-link/deco-be85/manual | https://manualslib.com/manual/3057025/Tp-Link-Deco-Be85.html | https://bikmantech.com/blogs/blogs/tp-link-deco-be85-everything-you-need-to-know,dealers:exact:verified:https://tp-link.cz/cs/296056-tp-link-deco-be85-2ks | dealers:exact:verified:https://tp-link.cz/cs/300990-tp-link-deco-be85-1ks,https://tp-link.cz/cs/296056-tp-link-deco-be85-2ks:not_selected | https://tp-link.cz/cs/300990-tp-link-deco-be85-1ks:not_selected,not_recorded,independent_distributor,not_recorded,False,1,0,False,provisional fetch outcomes were not archived; blocking cannot be inferred,confirmed_old_exact_invalid_distributor,,
22,Logitech MX Keys S,model,https://www.logitech.com/en-us/shop/p/mx-keys-s | https://www.logitech.com/en-us/shop/p/mx-keys-s-combo | https://www.logitech.com/en-us/shop/p/mx-keys-s-combo-for-mac,3,3,https://logitech.com/en-us/shop/p/mx-keys-s | https://logitech.com/en-us/shop/p/mx-keys-s-combo | https://logitech.com/en-us/shop/p/mx-keys-s-combo-for-mac | https://logitech.com/en-us/shop/p/mx-keys-s-combo-mac-refurb | https://logitech.com/en-us/shop/p/mx-keys-s-for-mac | https://logitech.com/shop/p/mx-keys-s | https://logitech.com/shop/p/mx-keys-s-combo | https://logitech.com/shop/p/mx-keys-s-combo-for-mac | https://logitech.com/shop/p/mx-keys-s-combo-mac-refurb | https://logitech.com/shop/p/mx-keys-s-for-mac | https://logitech.com/en-us/shop/p/mx-keys-s-combo-for-mac.920-012592?sp=11&searchclick=Logitech | https://logitech.com/en-us/shop/p/mx-keys-s-combo.920-011889?sp=4&searchclick=Logitech | https://logitech.com/en-us/shop/p/mx-keys-s-for-mac.920-011622?sp=9&searchclick=Logitech | https://logitech.com/en-us/shop/p/mx-keys-s.920-011559?sp=3&searchclick=Logitech,secondary:exact:provisional:https://logitech.com/en-us/shop/p/mx-keys-s | secondary:exact:provisional:https://logitech.com/en-us/shop/p/mx-keys-s-combo | secondary:exact:provisional:https://logitech.com/en-us/shop/p/mx-keys-s-combo-for-mac,https://logitech.com/en-us/shop/p/mx-keys-s:provisional_top4 | https://logitech.com/en-us/shop/p/mx-keys-s-combo:provisional_top4 | https://logitech.com/en-us/shop/p/mx-keys-s-combo-for-mac:provisional_top4,not_recorded,unknown,not_recorded,False,1,0,False,provisional fetch outcomes were not archived; blocking cannot be inferred,confirmed_current_false_refusal,https://www.logitech.com/en-us/shop/p/mx-keys-s,https://www.logitech.com/en-us/legal/services-privacy-statement
24,SteelSeries Arctis Nova Pro Wireless,model,https://support.steelseries.com/hc/en-us/articles/45428646758029-What-s-the-difference-between-Arctis-Nova-Pro-Wireless-and-Nova-Pro-Omni | https://support.steelseries.com/hc/en-us/sections/6438322173581-Arctis-Nova-Pro-Wireless,1,1,https://support.steelseries.com/hc/en-us/articles/6611490144269-Arctis-Nova-Pro-Wireless-Unboxing-and-Setup | https://support.steelseries.com/hc/en-us/articles/6612534244493-How-to-pair-your-Arctis-Nova-Pro-Wireless-to-the-Base-Station | https://support.steelseries.com/hc/en-us/sections/6438322173581-Arctis-NOVA-Pro-Wireless | https://ko.brainwavzaudio.com/products/steelseries-arctis-nova-pro-wireless-earpad-adapter | https://modio.cz/p/steelseries-arctis-nova-pro-wireless | https://allegro.cz/produkt/sluchatka-do-usi-steelseries-arctis-nova-pro-wireless-75f88348-9182-4ed0-aed4-b759aaaae0f0 | https://datart.cz/headset-steelseries-arctis-nova-pro-wireless-p-61522-cerny | https://sluchatka.heureka.cz/steelseries-arctis-nova-pro-wireless | https://techradar.com/gaming/steelseries-arctis-nova-elite-vs-steelseries-arctis-nova-pro-wireless | https://tsbohemia.cz/steelseries-arctis-nova-pro-wireless_d498959 | https://xn--vg1b14l6tk.xn--3e0b707e/steelseries/arctis-nova-pro-wireless/%EB%A7%A4%EB%89%B4%EC%96%BC,secondary:exact:provisional:https://support.steelseries.com/hc/en-us/sections/6438322173581-Arctis-NOVA-Pro-Wireless,https://support.steelseries.com/hc/en-us/sections/6438322173581-Arctis-NOVA-Pro-Wireless:not_selected,not_recorded,unknown,not_recorded,False,6,1,False,provisional fetch outcomes were not archived; blocking cannot be inferred,unknown,,
25,Samsung Odyssey OLED G8 G80SD,model,https://www.samsung.com/us/monitors/gaming/odyssey-oled-g8-g80sd-32-inch-240hz-oled-uhd-ls32dg800snxza/,0,0,https://samsung.com/au/monitors/gaming/odyssey-oled-g8-g80sd-32-inch-240hz-oled-uhd-ls32dg802sexxy | https://samsung.com/bg/monitors/gaming/odyssey-oled-g8-g80sd-32-inch-240hz-oled-uhd-ls32dg802suxdu | https://samsung.com/ca/monitors/gaming/odyssey-oled-g8-g80sd-32-inch-240hz-oled-uhd-ls32dg800snxza | https://samsung.com/cz/monitors/gaming/odyssey-oled-g8-g80sd-32-inch-240hz-oled-uhd-ls32dg802suxdu | https://samsung.com/de/monitors/gaming/odyssey-oled-g8-g80sd-32-inch-240hz-oled-uhd-ls32dg800suxen | https://samsung.com/gr/monitors/gaming/odyssey-oled-g8-g80sd-32-inch-240hz-oled-uhd-ls32dg802suxdu | https://samsung.com/ie/monitors/gaming/odyssey-oled-g8-g80sd-32-inch-240hz-oled-uhd-ls32dg802suxxu | https://samsung.com/latin_en/monitors/gaming/odyssey-oled-g8-g80sd-32-inch-240hz-oled-uhd-ls32dg802snxza | https://samsung.com/no/monitors/gaming/odyssey-oled-g8-g80sd-32-inch-240hz-oled-uhd-ls32dg802suxen | https://samsung.com/sg/monitors/gaming/odyssey-oled-g8-g80sd-32-inch-240hz-oled-uhd-ls32dg802sexxs | https://samsung.com/sk/monitors/gaming/odyssey-oled-g8-g80sd-32-inch-240hz-oled-uhd-ls32dg802suxdu | https://samsung.com/uk/monitors/gaming/odyssey-oled-g8-g80sd-32-inch-240hz-oled-uhd-ls32dg802suxxu | https://samsung.com/ae/business/monitors/gaming/odyssey-oled-g8-g80sd-32-inch-240hz-oled-uhd-ls32dg802smxue | https://samsung.com/ar/monitors/gaming/odyssey-oled-g8-g80sd-32-inch-240hz-oled-uhd-ls32dg800slxzb | https://samsung.com/br/monitors/gaming/odyssey-oled-g8-g80sd-32-inch-240hz-oled-uhd-ls32dg800slxzd | https://samsung.com/id/monitors/gaming/odyssey-oled-g8-g80sd-32-inch-240hz-oled-uhd-ls32dg802sexxd | https://galaxus.ch/en/s1/product/samsung-odyssey-oled-g8-g80sd-3840-x-2160-pixels-32-monitor-43778687 | https://tradeinn.com/techinn/ko/samsung-odyssey-oled-g8-g80sd-32-4k-oled-240hz-%EA%B2%8C%EC%9E%84-%EB%AA%A8%EB%8B%88%ED%84%B0/142579364/p | https://r1.community.samsung.com/t5/pc/%EC%82%BC%EC%84%B1-%EC%98%A4%EB%94%94%EC%84%B8%EC%9D%B4-oled-g8-g80sd-%EA%B0%9C%EB%B4%89%EA%B8%B0/m-p/28041439 | https://mironet.cz/32-samsung-odyssey-g8-g80sd-stribrna-oled-3840x2160-169-003ms-10000001-250cdm2-hdmi-dp-vesa+dp707975,,,not_recorded,not_recorded,not_recorded,False,5,1,False,provisional fetch outcomes were not archived; blocking cannot be inferred,unknown,,
26,LG OLED evo C4,family,https://www.lg.com/africa/tvs/lg-oled55c46la-55-inch-oled-evo-4k-c4-smart-tv | https://www.lg.com/africa/tvs/lg-oled77c46la-77-inch-oled-evo-4k-c4-smart-tv,1,1,https://beachcamera.com/products/lg-65-inch-class-oled-evo-c4-series-smart-tv-4k-processor-2024 | https://flipkart.com/lg-oled-evo-c4-139-cm-55-inch-ultra-hd-4k-smart-webos-tv-2024-alpha-9-ai-processor-4k-gen7-picture-pro-dolby-vision-sound-virtual-9-1-2ch-up-mix-atmos-144hz-vrr-40w-output-magic-remote-nvidia-g-sync-amd-freesync-certified/p/itmd75fd0474463b | https://greentoe.com/product/LG_LG_OLED_Evo_C4_65_4K_HDR_Smart_TV_OLED65C4PUA | https://lg.com/africa/tvs/lg-oled55c46la-55-inch-oled-evo-4k-c4-smart-tv | https://device.report/manuals/lg-oled-evo-c4-55-inch-4k-tv-webos-specs | https://lowes.com/pd/LG-Electronics-OLED-evo-C4-65-in-2160p-4K-Smart-Oled-Indoor-Use-Only-Flat-Screen-Ultra-HDTV/5015757317,secondary:exact:provisional:https://lg.com/africa/tvs/lg-oled55c46la-55-inch-oled-evo-4k-c4-smart-tv,https://lg.com/africa/tvs/lg-oled55c46la-55-inch-oled-evo-4k-c4-smart-tv:provisional_top4,not_recorded,unknown,not_recorded,False,8,1,False,provisional fetch outcomes were not archived; blocking cannot be inferred,unknown,,
28,Lenovo ThinkPad X1 Carbon Gen 13 Aura Edition,model,https://www.lenovo.com/dz/fr/p/laptops/thinkpad/thinkpadx1/thinkpad-x1-carbon-gen-13-aura-edition-14-inch-intel/len101t0108,1,1,https://lenovo.com/au/en/p/laptops/thinkpad/thinkpadx1/thinkpad-x1-carbon-gen-13-aura-edition-14-inch-intel/21nxcto1wwau4 | https://lenovo.com/ca/en/p/laptops/thinkpad/thinkpadx1/thinkpad-x1-carbon-gen-13-aura-edition-14-inch-intel/21nxcto1wwca1 | https://lenovo.com/ca/en/p/laptops/thinkpad/thinkpadx1/thinkpad-x1-carbon-gen-13-aura-edition-14-inch-intel/len101t0108 | https://lenovo.com/ch/en/p/laptops/thinkpad/thinkpadx1/thinkpad-x1-carbon-gen-13-aura-edition-14-inch-intel/21nxcto1wwch4 | https://lenovo.com/dz/fr/p/laptops/thinkpad/thinkpadx1/thinkpad-x1-carbon-gen-13-aura-edition-14-inch-intel/len101t0108 | https://lenovo.com/gb/en/p/laptops/thinkpad/thinkpadx1/thinkpad-x1-carbon-gen-13-aura-edition-14-inch-intel/21nscto1wwgb2 | https://lenovo.com/gh/en/p/laptops/thinkpad/thinkpadx1/thinkpad-x1-carbon-gen-13-aura-edition-14-inch-intel/len101t0108 | https://lenovo.com/id/id/p/laptops/thinkpad/thinkpadx1/thinkpad-x1-carbon-gen-13-aura-edition-14-inch-intel/len101t0108 | https://lenovo.com/ie/en/p/laptops/thinkpad/thinkpadx1/thinkpad-x1-carbon-gen-13-aura-edition-14-inch-intel/21nxcto1wwie5 | https://lenovo.com/in/en/p/laptops/thinkpad/thinkpadx1/thinkpad-x1-carbon-gen-13-aura-edition-14-inch-intel/len101t0108 | https://lenovo.com/jp/ja/p/laptops/thinkpad/thinkpadx1/thinkpad-x1-carbon-gen-13-aura-edition-14-inch-intel/len101t0108 | https://lenovo.com/kr/ko/p/laptops/thinkpad/thinkpadx1/thinkpad-x1-carbon-gen-13-aura-edition-14-inch-intel/21ns00nukr | https://lenovo.com/kr/ko/p/laptops/thinkpad/thinkpadx1/thinkpad-x1-carbon-gen-13-aura-edition-14-inch-intel/21nx00g5kr | https://lenovo.com/kr/ko/p/laptops/thinkpad/thinkpadx1/thinkpad-x1-carbon-gen-13-aura-edition-14-inch-intel/21nxs02l00 | https://lenovo.com/kr/ko/p/laptops/thinkpad/thinkpadx1/thinkpad-x1-carbon-gen-13-aura-edition-14-inch-intel/len101t0108 | https://lenovo.com/kr/ko/p/laptops/thinkpad/thinkpadx1/thinkpad-x1-carbon-gen-13-aura-edition-14-inch-intel/len101t0114 | https://lenovo.com/my/en/p/laptops/thinkpad/thinkpadx1/thinkpad-x1-carbon-gen-13-aura-edition-14-inch-intel/21ns00nvma | https://lenovo.com/ph/en/p/laptops/thinkpad/thinkpadx1/thinkpad-x1-carbon-gen-13-aura-edition-14-inch-intel/len101t0108 | https://lenovo.com/sg/en/p/laptops/thinkpad/thinkpadx1/thinkpad-x1-carbon-gen-13-aura-edition-14-inch-intel/21nscto1wwsg1 | https://lenovo.com/us/en/p/laptops/thinkpad/thinkpadx1/thinkpad-x1-carbon-gen-13-aura-edition-14-inch-intel/21ns0013us | https://lenovo.com/us/en/p/laptops/thinkpad/thinkpadx1/thinkpad-x1-carbon-gen-13-aura-edition-14-inch-intel/21nscto1wwus2 | https://psref.lenovo.com/syspool/Sys/PDF/ThinkPad/ThinkPad_X1_Carbon_Gen_13_Aura_Edition/ThinkPad_X1_Carbon_Gen_13_Aura_Edition_Spec.PDF,secondary:exact:provisional:https://lenovo.com/dz/fr/p/laptops/thinkpad/thinkpadx1/thinkpad-x1-carbon-gen-13-aura-edition-14-inch-intel/len101t0108,https://lenovo.com/dz/fr/p/laptops/thinkpad/thinkpadx1/thinkpad-x1-carbon-gen-13-aura-edition-14-inch-intel/len101t0108:not_selected,not_recorded,unknown,not_recorded,False,4,1,False,provisional fetch outcomes were not archived; blocking cannot be inferred,unknown,,
29,Epson EcoTank L6270,sku,https://www.epson.eu/en_EU/products/printers/inkjet/consumer/ecotank-l6270-multifunction-wi-fi-ink-tank-a4-printer%2C-with-up-to-3-years-of-ink-included/p/30259 | https://epson.com/L6270,2,2,"https://epson.eu/en_EU/products/printers/inkjet/consumer/ecotank-l6270-multifunction-wi-fi-ink-tank-a4-printer%2C-with-up-to-3-years-of-ink-included/p/30259 | https://epson.eu/en_EU/products/printers/inkjet/consumer/ecotank-l6270-multifunction-wi-fi-ink-tank-a4-printer,-with-up-to-3-years-of-ink-included/p/30259 | https://epson.co.in/For-Home/Printers/EcoTank-Printers/Epson-L6270-WiFi-Duplex-Multifunction-InkTank-Printer-with-ADF/p/C11CJ61502 | https://epson.com.jm/Support/Printers/All-In-Ones/L-Series/Epson-L6270/s/SPT_C11CJ61301 | https://epson.eu/en_EU/support/sc/epson-l6270/s/s1962 | https://epson.co.kr/%EA%B3%A0%EA%B0%9D%EC%A7%80%EC%9B%90/%ED%94%84%EB%A6%B0%ED%84%B0/%EB%B3%B5%ED%95%A9%EA%B8%B0/%EC%A0%95%ED%92%88%EB%AC%B4%ED%95%9C-L-%EC%8B%9C%EB%A6%AC%EC%A6%88/L6270/s/SPT_C11CJ61507 | https://epson.co.kr/L6270 | https://epson.com.ph/Ink-Tank-Printers/L-Series/Epson-L6270/s/SPT_C11CJ61501 | https://epson.com/L6270 | https://kuwait.microless.com/product/epson-ecotank-l6270-a4-wi-fi-duplex-aio-ink-tank-printer-with-adf-borderless-printing-up-to-a4-size-spill-free-ink-refilling-15-5ipm-8-5ipm-print-speed-4800x1200-dpi-resolution-black-c11cj61407 | https://uae.sharafdg.com/product/epson-eco-tank-l6270-all-in-one-ink-jet-printer | https://onlineshop.cz/multifunkcni-inkoustove-tiskarny/multifunkcni-tiskarna-epson-ecotank-l6270-970237P.html | https://allegro.cz/produkt/epson-ecotank-l6270-multifunkcni-inkoustova-tiskarna-skener-kopirka-b33df681-da2b-4ccc-80e6-18e852bd328a | https://alza.cz/epson-ecotank-l6270-bazar-d7648544.htm | https://datart.cz/recenze/tiskarna-multifunkcni-epson-ecotank-l6270-c11cj61403-cerna.html | https://lazada.sg/tag/epson-ecotank-l6270-ink | https://megapixel.cz/epson-ecotank-l6270 | https://momentsun.com/epson-ecotank-l6270 | https://planeo.cz/epson-ecotank-l6270 | https://smarty.cz/Epson-EcoTank-L6270-zaruka-na-5-let-po-registraci--4p99766 | https://zbozi.cz/vyrobek/epson-ecotank-l6270 | https://lazada.com.ph/tag/epson-l6270 | https://jumia.com.ng/generic-epson-printers-epson-printers-l6270-a4-wi-fi-duplex-all-in-one-ink-tank-printer-with-adf-420243458.html",secondary:exact:provisional:https://epson.eu/en_EU/products/printers/inkjet/consumer/ecotank-l6270-multifunction-wi-fi-ink-tank-a4-printer%2C-with-up-to-3-years-of-ink-included/p/30259 | secondary:exact:provisional:https://epson.com/L6270,https://epson.eu/en_EU/products/printers/inkjet/consumer/ecotank-l6270-multifunction-wi-fi-ink-tank-a4-printer%2C-with-up-to-3-years-of-ink-included/p/30259:provisional_top4 | https://epson.com/L6270:not_selected,not_recorded,unknown,not_recorded,False,6,2,True,provisional fetch outcomes were not archived; blocking cannot be inferred,confirmed_current_false_refusal,https://www.epson.eu/en_EU/products/printers/inkjet/consumer/ecotank-l6270-multifunction-wi-fi-ink-tank-a4-printer%2C-with-up-to-3-years-of-ink-included/p/30259,https://www.epson.eu/en_EU/terms-of-use
30,Canon CanoScan LiDE 400,model,https://usa.canon.com/shop/p/canoscan-lide-400,1,1,https://canon-europe.com/business/products/scanners/flatbed-scanners/canoscan-lide-400 | https://canon-europe.com/business/products/scanners/flatbed-scanners/canoscan-lide-400/specifications | https://canon-europe.com/support/consumer/products/scanners/canoscan/lide-series/canoscan-lide-400.html | https://canon.co.uk/store/canon-canoscan-lide-400-flatbed-scanner-black/2996C010 | https://canon.cz/support/consumer/products/scanners/canoscan/lide-series/canoscan-lide-400.html | https://shop.canon.ca/en_ca/p/canoscan-lide-400-scanner | https://shop.canon.ca/en_ca/p/canoscan-lide-400-scanner?bvstate=%5BREDACTED%5D | https://shop.canon.ca/fr_ca/p/canoscan-lide-400 | https://usa.canon.com/shop/p/canoscan-lide-400 | https://canon.ie/store/canon-canoscan-lide-400-flatbed-scanner-black/2996C010 | https://canon.nl/store/canon-canoscan-lide-400-flatbedscanner-zwart/2996C010 | https://community.usa.canon.com/t5/Scanners/CanoScan-LIDE-400-Crashes-Computer/td-p/569479 | https://community.usa.canon.com/t5/Scanners/CanoScan-LiDE-400-How-to-scan-at-4800-and-19200-dpi/td-p/584653 | https://bestbuy.com/product/canon-canoscan-lide-400-flatbed-scanner-black/J7C86SSQP4 | https://adorama.com/canon-canoscan-lide-400-slim-flatbed-scanner-4800-dpi/p/icacsl400 | https://bhphotovideo.com/c/product/1428261-REG/canon_2996c002_canoscan_lide_400_color.html | https://myproav.com/product/%ED%95%B4%EC%99%B8-2996c002-canon-canoscan-lide-400-slim-color-image-scanner-156/52600/category/162/display/1 | https://myproav.com/product/canon-canoscan-lide-400-slim-color-image-scanner/53620/category/162/display/1 | https://tikkle.kr/product/canoscan-canon-%EC%8A%A4%EC%BA%90%EB%84%88-%ED%94%8C%EB%9E%AB%EB%B2%A0%EB%93%9C-%EC%BB%AC%EB%9F%AC-canoscan-lide-400 | https://tikkle.kr/product/canoscan-canon-%EC%8A%A4%EC%BA%90%EB%84%88-%ED%94%8C%EB%9E%AB%EB%B2%A0%EB%93%9C-%EC%BB%AC%EB%9F%AC-canoscan-lide-400-1 | https://manualowl.com/m/Canon/CanoScan-LiDE-400/Manual/618564 | https://manualslib.com/manual/2455633/Cannon-Canoscan-Lide-400.html | https://galaxus.ch/en/s1/product/canon-lide-400-canoscan-usb-scanners-9388707 | https://xn--vg1b14l6tk.xn--3e0b707e/canon/canoscan-lide-400/%EB%A7%A4%EB%89%B4%EC%96%BC | https://amazon.com/canon-canoscan-lide-400/s?k=canon+canoscan+lide+400 | https://community.usa.canon.com/t5/Scanners/Canoscan-LiDE400-scan-return-suddenly-slow/td-p/569104,secondary:exact:provisional:https://usa.canon.com/shop/p/canoscan-lide-400,https://usa.canon.com/shop/p/canoscan-lide-400:not_selected,not_recorded,unknown,not_recorded,False,3,3,True,provisional fetch outcomes were not archived; blocking cannot be inferred,confirmed_current_false_refusal,https://www.usa.canon.com/shop/p/canoscan-lide-400,https://global.canon/ja/news/2017/20170427-2.html
32,Crucial T705,family,https://www.crucial.com/ssd/t705/CT4000T705SSD5 | https://www.crucial.de/ssd/t705/CT4000T705SSD5 | https://www.crucial.fr/ssd/t705/CT4000T705SSD5,3,3,https://crucial.com/ssd/t705/CT4000T705SSD5 | https://crucial.de/ssd/t705/CT4000T705SSD5 | https://crucial.fr/ssd/t705/CT4000T705SSD5,secondary:exact:provisional:https://crucial.com/ssd/t705/CT4000T705SSD5 | secondary:exact:provisional:https://crucial.de/ssd/t705/CT4000T705SSD5 | secondary:exact:provisional:https://crucial.fr/ssd/t705/CT4000T705SSD5,https://crucial.com/ssd/t705/CT4000T705SSD5:provisional_top4 | https://crucial.de/ssd/t705/CT4000T705SSD5:provisional_top4 | https://crucial.fr/ssd/t705/CT4000T705SSD5:provisional_top4,not_recorded,unknown,not_recorded,False,4,1,False,provisional fetch outcomes were not archived; blocking cannot be inferred,unknown,,
35,MSI MAG X870 TOMAHAWK WIFI,model,https://jp.msi.com/Motherboard/MAG-X870-TOMAHAWK-WIFI,1,1,https://download-2.msi.com/archive/mnu_exe/mb/MAGX870TOMAHAWKWIFI_Korean.pdf | https://es.msi.com/Motherboard/MAG-X870-TOMAHAWK-WIFI/support | https://id.msi.com/Motherboard/MAG-X870-TOMAHAWK-WIFI/Specification | https://msi.com/Motherboard/MAG-X870-TOMAHAWK-WIFI/Specification | https://msi.com/Motherboard/MAG-X870-TOMAHAWK-WIFI/support | https://msi.com/support/download-manual/MAG-X870-TOMAHAWK-WIFI | https://storage-asset.msi.com/datasheet/mb/mx/MAG-X870-TOMAHAWK-WIFI.pdf | https://de.msi.com/Motherboard/MAG-X870-TOMAHAWK-WIFI | https://es.msi.com/Motherboard/MAG-X870-TOMAHAWK-WIFI | https://hk.msi.com/Motherboard/MAG-X870-TOMAHAWK-WIFI | https://it.msi.com/Motherboard/MAG-X870-TOMAHAWK-WIFI | https://jp.msi.com/Motherboard/MAG-X870-TOMAHAWK-WIFI | https://kr.msi.com/Motherboard/MAG-X870-TOMAHAWK-WIFI/Award | https://msi.com/Motherboard/MAG-X870-TOMAHAWK-WIFI | https://th.msi.com/Motherboard/MAG-X870-TOMAHAWK-WIFI | https://tw.msi.com/Motherboard/MAG-X870-TOMAHAWK-WIFI | https://us-store.msi.com/MAG-X870-TOMAHAWK-WIFI | https://us.msi.com/Motherboard/MAG-X870-TOMAHAWK-WIFI | https://bhphotovideo.com/c/product/1852608-REG/msi_x870tmahawkwifi_mag_x870_tomahawk_wifi.html | https://newegg.com/msi-mag-x870-tomahawk-wifi-atx-motherboard-amd-x870-am5/p/N82E16813144667 | https://manualowl.com/m/MSI/MAG-X870-TOMAHAWK-WIFI/Manual/738331 | https://pc-builds.com/ko/parts/motherboard/WzzXJ6/msi-mag-x870-tomahawk-wifi-am5-atx | https://slickdeals.net/f/18797278-msi-mag-x870-tomahawk-wifi-amd-ryzen-9000-gaming-motherboard-229-99 | https://techreviewer.com/tech-specs/msi-mag-x870-tomahawk-wifi-motherboard-specs,secondary:exact:provisional:https://jp.msi.com/Motherboard/MAG-X870-TOMAHAWK-WIFI,https://jp.msi.com/Motherboard/MAG-X870-TOMAHAWK-WIFI:not_selected,not_recorded,unknown,not_recorded,False,5,1,False,provisional fetch outcomes were not archived; blocking cannot be inferred,unknown,,
36,DEWALT DCD805P2T,sku,https://www.dewalt.co.uk/en-gb/product/dcd805p2t-gb/18v-xr-brushless-hammer-drill-driver-2-5ah-batteries,1,1,https://dewalt-morava.cz/aku-vrtacky/dcd805p2t-dewalt-18v-xr-aku-bezuhlikova-priklepova-vrtacka--2-x-5-0-ah-baterie--nabijecka--kufr-t-stak | https://dasawa.net/product/%EB%94%94%EC%9B%94%ED%8A%B8-%EA%B5%AD%EB%82%B4%EC%A0%95%ED%92%88-%ED%96%84%EB%A8%B8%EB%93%9C%EB%A6%B4-20v-max-50ah-xr-%EB%B8%8C%EB%9F%AC%EC%89%AC%EB%A6%AC%EC%8A%A4-%ED%94%84%EB%A6%AC%EB%AF%B8%EC%97%84-%EC%BB%B4%ED%8C%A9%ED%8A%B8-%ED%96%84%EB%A8%B8-%EB%93%9C%EB%A6%B4-%EB%93%9C%EB%9D%BC%EC%9D%B4%EB%B2%84-dcd805p2t-%EC%A0%84%EB%8F%99-%ED%95%A8/2052 | https://happytools.co.kr/product/%EB%94%94%EC%9B%94%ED%8A%B8-20v-%EC%B6%A9%EC%A0%84%ED%95%A8%EB%A7%88%EB%93%9C%EB%A6%B4-%EB%93%9C%EB%9D%BC%EC%9D%B4%EB%B2%84-dcd805p2t-50ah-%EB%B0%B0%ED%84%B0%EB%A6%AC2%EA%B0%9C-%ED%96%84%EB%A8%B8%EB%93%9C%EB%A6%B4/5162 | https://kjsgmall.com/product/%EB%94%94%EC%9B%94%ED%8A%B8-xr-%EB%B8%8C%EB%9F%AC%EC%8B%9C%EB%A6%AC%EC%8A%A4-%EC%B6%A9%EC%A0%84-%ED%95%B4%EB%A8%B8%EB%93%9C%EB%A6%B4-%EC%84%B8%ED%8A%B8-13mm-20v-%EB%B0%B0%ED%84%B0%EB%A6%AC%C3%972-dcd805p2t/54/category/135/display/1 | https://manualslib.com/products/Dewalt-Xr-Dcd805p2t-12507286.html | https://manualzz.com/manual/en/DeWalt/DCD805P2T/User+manual | https://daangn.com/kr/buy-sell/%EB%94%94%EC%9B%94%ED%8A%B8-%EB%93%9C%EB%A6%B4-%EC%84%B8%ED%8A%B8-dcd805p2t-nkcfchbv7dc4 | https://dek.cz/produkty/detail/3247226042-dcd805p2t-18v-xr-vrtacka-s-priklepem-2xaku-5-0ah-kufr-tstak | https://elektrodvorak.cz/dewalt-dcd805p2t-aku-vrtacka-priklepova-2xbaterienabijecka/pro520781.html | https://kovetools.cz/aku-vrtacky-a-sroubovaky/aku-bezuhlikova-priklepova-vrtacka-18v-xr-5-0ah-dcd805p2t-dewalt,secondary:probable:provisional:https://dewalt.co.uk/en-gb/product/dcd805p2t-gb/18v-xr-brushless-hammer-drill-driver-2-5ah-batteries,https://dewalt.co.uk/en-gb/product/dcd805p2t-gb/18v-xr-brushless-hammer-drill-driver-2-5ah-batteries:provisional_top4,not_recorded,unknown,not_recorded,False,4,2,False,provisional fetch outcomes were not archived; blocking cannot be inferred,unknown,,
37,Makita GA023GZ,sku,https://www.makita.co.nz/products/model/GA023GZ,1,1,https://makita.co.nz/products/model/GA023GZ | https://makita.com.au/cordless/xgt-40v-80v-max/grinding-sanding-polishing/angle-grinders/ga023gz-40v-max-brushless-125mm-5-variable-speed-slide-switch-angle-grinder | https://makita.com.vn/en/product/platform-en/40v-max/angle-grinder-40v-max/ga023gz-cordless-angle-grinder | https://makita-cr.cz/aku-naradi-aku-brusky-aku-uhlove-brusky/aku-uhlova-bruska-125mm-xgt-40v-bez-aku-makita-ga023gz | https://makitapraha.cz/ga023gz | https://conrad.com/en/p/makita-ga023gz-ga023gz-cordless-angle-grinder-125-mm-w-o-battery-40-v-2386293.html | https://manualslib.com/products/Makita-Ga023gz-11580610.html | https://manua.ls/makita/ga023gz/manual | https://allegro.cz/produkt/makita-m-ga023gz-5577272d-1c52-4f9a-85fd-047669c8fc52 | https://allegro.cz/produkt/uhlova-bruska-125mm-makita-ga023gz-xgt-30008500-ot-min-304abf2d-e4ce-47c2-af4c-acf7aed80b5c | https://bcfasteners.com/shop/makita-ga023gz-xgt-40v-max-brushless-5-angle-grinder-w-aws-slide-switch | https://brusky.heureka.cz/makita-ga023gz | https://cena-vykon.cz/uhlove-brusky/makita-ga023gz | https://euroking.cz/makita-xgt-ga023gz-akkuwinkelschleifer-40vmax | https://fepro.cz/xgt-40v-6/makita-ga023gz-aku-uhlova-bruska-s-regulaci-125mm-li-ion-xgt-40v--bez-aku-z | https://garteko.cz/aku-uhlova-bruska-makita-ga023gz | https://klium.com/en/makita-ga023gz-40vmax-xgt-cordless-angle-grinder-125mm-with-slide-switch-without-battery-and-charger-107068 | https://lectura-specs.com/en/model/tools/cordless-power-tools-cordless-grinders-cordless-angle-grinders-makita/ga023gz-11765973 | https://manualslib.com/g/ga023gz.html | https://naradihornig.cz/makita-ga023gz-aku-uhlova-bruska-125mm-xgt-40v-3000-8500-ot-min-bez-baterie_z44640 | https://zbozi.cz/vyrobek/makita-ga023gz-40-v,secondary:exact:provisional:https://makita.co.nz/products/model/GA023GZ,https://makita.co.nz/products/model/GA023GZ:provisional_top4,not_recorded,unknown,not_recorded,False,6,4,True,provisional fetch outcomes were not archived; blocking cannot be inferred,confirmed_current_false_refusal,https://www.makita.co.nz/products/model/GA023GZ,https://www.makita.co.nz/about/
40,Einhell TC-PL 750,model,https://www.einhell.cz/p/4345310-tc-pl-750,1,1,https://einhell.cz/p/4345310-tc-pl-750 | https://einhell-service.com/en_DE/4345310-tc-pl-750.html | https://einhell-service.com/en_DE/4345311-tc-pl-750-ex-br-220.html | https://einhell-service.com/en_DE/4345312-tc-pl-750-ex-br-127v.html | https://obi.cz/hoblovani-a-frezovani/einhell-elektricky-hoblik-tc-pl-750/p/1090331 | https://sigmashop.cz/elektricky-hoblik-tc-pl-750-einhell-4345310 | https://allegro.cz/produkt/einhell-elektricke-hobliky-tc-pl-750-750w-82mm-s-prislusenstvim-0efc7508-6e19-4612-add5-eaa4bb7213a4 | https://alza.cz/hobby/einhell-hoblik-elektricky-tc-pl-750-4345310-d5723035.htm | https://bauhaus.cz/einhell-hoblik-tc-pl-750-25182309 | https://dek.cz/produkty/detail/3266002107-hoblik-elektricky-tc-pl-750-einhell-classic | https://dek.cz/produkty/detail/3266002107-hoblik-elektricky-tc-pl-750-einhell-classic/65610 | https://euroking.cz/elektrohobel-tcpl-750 | https://eva.cz/zbozi/85464/hoblik-einhell-tc-pl-750 | https://hepsiburada.com/einhell-tc-pl-750-planya-pm-HB0000062A0O | https://hepsiburada.com/kafenn-einhell-tc-pl-750-uyumlu-planya-bicagi-2-parca-pm-HBC000032BLDI | https://hrebik.cz/hoblik-elektricky-tc-pl-750-einhell.html | https://officeo.cz/einhell-tc-pl-750 | https://srovname.cz/einhell-tc-pl-750/srovnani-cen/k.4794823 | https://topcentrum.cz/cz/einhell-elektricky-hoblik-tc-pl-750-82mm-750w-p-4345310 | https://unihobby.cz/hoblik-elektricky-tc-pl-750-einhell-classic | https://zbozi.cz/vyrobek/einhell-classic-tc-pl-750-4345310,secondary:exact:provisional:https://einhell.cz/p/4345310-tc-pl-750,https://einhell.cz/p/4345310-tc-pl-750:provisional_top4,not_recorded,unknown,not_recorded,False,8,1,False,provisional fetch outcomes were not archived; blocking cannot be inferred,confirmed_current_false_refusal,https://www.einhell.co.uk/p/4345310/,https://www.einhell.co.uk/about-us/
41,STIHL MS 182,model,https://www.stihl.cz/cs/p/motorove-pily-benzinova-motorova-pila-ms-182-145794,1,1,https://stihl.cz/cs/p/motorove-pily-benzinova-motorova-pila-ms-182-145794 | https://stihl.co.uk/en/p/chainsaws-ms-182-petrol-chainsaw-145794 | https://stihl.de/de/p/kettensaegen-motorsaegen-benzin-kettensaege-ms-182-145794 | https://azvercajk.cz/stihl-ms-182-motorova-pila/d48890 | https://kisplus.cz/motorova-pila-ms-182-000015514000101822 | https://oranzovazahrada.cz/stihl-ms-182 | https://pilykrajzl.cz/stihl-stihl-ms-182-6807e83da2b02/produkt | https://vseprolesaky.cz/motorova-pila-stihl-ms-182-pm3-35cm-14_z3724 | https://zbozi.cz/vyrobek/stihl-ms-182,secondary:exact:provisional:https://stihl.cz/cs/p/motorove-pily-benzinova-motorova-pila-ms-182-145794,https://stihl.cz/cs/p/motorove-pily-benzinova-motorova-pila-ms-182-145794:provisional_top4,not_recorded,unknown,not_recorded,False,3,1,True,provisional fetch outcomes were not archived; blocking cannot be inferred,confirmed_current_false_refusal,https://www.stihl.co.uk/en/p/chainsaws-ms-182-petrol-chainsaw-145794,https://www.stihl.co.uk/en/legal-info/terms-of-use
46,adidas Ultraboost 5 JH9073,sku,https://adidas.ae/en/ultraboost-5-shoes/JH9073.html,1,1,https://adidas.ae/en/ultraboost-5-shoes/JH9073.html | https://adidas.com.sg/ultraboost-5-shoes/JH9073.html | https://adidas.com/om/en/ultraboost-5-shoes/JH9073.html | https://skroutz.gr/s/58811387/adidas-Ultraboost-5-JH9073-Andrika-Athlitika-Papoutsia-Running-Prasino.html | https://trendxparc.com/us/products/adidas-ultra-boost-5-collegiate-green-cloud-white-grey-five-jh9073-size-us-8-5df3c5b5-74b8-457d-88ab-eab32ee4034d | https://korayspor.com/en/adidas-running-shoes-ultraboost-5-jh9073,secondary:exact:provisional:https://adidas.ae/en/ultraboost-5-shoes/JH9073.html,https://adidas.ae/en/ultraboost-5-shoes/JH9073.html:provisional_top4,not_recorded,unknown,not_recorded,False,8,1,False,provisional fetch outcomes were not archived; blocking cannot be inferred,confirmed_current_false_refusal,https://www.adidas.ae/en/ultraboost-5-shoes/JH9073.html,https://www.adidas.ae/en/terms.html
47,Nike AeroSwift FN4231-010,sku,https://www.nike.com/dk/en/t/aeroswift-mens-dri-fit-adv-running-vest-vSX0Gdly/FN4231-010,1,1,https://nike.com/be/en/t/aeroswift-dri-fit-adv-running-vest-vSX0Gdly/FN4231-010 | https://nike.com/be/en/t/aeroswift-mens-dri-fit-adv-running-vest-vSX0Gdly/FN4231-010 | https://nike.com/ch/en/t/aeroswift-dri-fit-adv-running-vest-5Q15MP/FN4231-010 | https://nike.com/dk/en/t/aeroswift-dri-fit-adv-running-vest-vSX0Gdly/FN4231-010 | https://nike.com/dk/en/t/aeroswift-mens-dri-fit-adv-running-vest-vSX0Gdly/FN4231-010 | https://nike.com/gb/t/aeroswift-mens-dri-fit-adv-running-vest-vSX0Gdly/FN4231-010 | https://nike.com/il/t/aeroswift-mens-dri-fit-adv-running-vest-5Q15MP/FN4231-010 | https://nike.com/za/t/aeroswift-mens-dri-fit-adv-running-vest-5Q15MP/FN4231-010 | https://amazon.com/Nike-AeroSwift-Dri-FIT-Running-FN4231-010/dp/B0DK2DDC4T,secondary:exact:provisional:https://nike.com/dk/en/t/aeroswift-mens-dri-fit-adv-running-vest-vSX0Gdly/FN4231-010,https://nike.com/dk/en/t/aeroswift-mens-dri-fit-adv-running-vest-vSX0Gdly/FN4231-010:not_selected,not_recorded,unknown,not_recorded,False,3,1,True,provisional fetch outcomes were not archived; blocking cannot be inferred,confirmed_current_false_refusal,https://www.nike.com/dk/en/t/aeroswift-mens-dri-fit-adv-running-vest-vSX0Gdly/FN4231-010,https://www.nike.com/be/help/a/bedrijfsgegevens/nike-contact-lijst
49,Oral-B iO Series 10,model,https://oralb.com/en-us/products/oral-b-io-series-10-twin-pack-cosmic-black-cosmic-black/ | https://oralb.com/en-us/products/oral-b-io-series-10-twin-pack-cosmic-black-stardust-white/ | https://oralb.com/en-us/products/oral-b-io-series-10-twin-pack-stardust-white-stardust-white/,3,3,https://oralb.it/it-it/linee-prodotti/spazzolini-elettrici/io-series-10,rejected:rejected:verified:https://oralb.com/en-us/products/oral-b-io-series-10-twin-pack-cosmic-black-cosmic-black/ | rejected:rejected:verified:https://oralb.com/en-us/products/oral-b-io-series-10-twin-pack-cosmic-black-stardust-white/ | rejected:rejected:verified:https://oralb.com/en-us/products/oral-b-io-series-10-twin-pack-stardust-white-stardust-white/,https://oralb.com/en-us/products/oral-b-io-series-10-twin-pack-cosmic-black-cosmic-black/:not_selected | https://oralb.com/en-us/products/oral-b-io-series-10-twin-pack-cosmic-black-stardust-white/:not_selected | https://oralb.com/en-us/products/oral-b-io-series-10-twin-pack-stardust-white-stardust-white/:not_selected,https://oralb.com/en-us/products/oral-b-io-series-10-twin-pack-cosmic-black-cosmic-black/ | https://oralb.com/en-us/products/oral-b-io-series-10-twin-pack-cosmic-black-stardust-white/ | https://oralb.com/en-us/products/oral-b-io-series-10-twin-pack-stardust-white-stardust-white/,brand_operator,rejected: Main object names a different package or refill,False,2,0,False,provisional fetch outcomes were not archived; blocking cannot be inferred,confirmed_old_exact_invalid_twin_pack,,
